Population,Site,Latitude,Longitude,Year_start,Year_end,AC004373,AC004373,AC004365,AC004365,AC005889,AC005889,DMU12269,DMU12269,AC004343,AC004343,DMU14395,DMU14395,DROPROSA,DROPROSA,AC008193,AC008193,AC004759,AC004759,DMMP20,DMMP20,AC005115,AC005115,AC004658,AC004658,DMTRXIII,DMTRXIII,AC004721,AC004721,AC004516,AC004516,AC004641,AC004641,DMU1951,DMU1951,AC004767,AC004767,DMU25686,DMU25686
Cape_Tribulation,2.1,-16.85,145.46,2000,2000,186,192,217,221,189,189,236,241,220,228,286,286,124,124,194,194,224,227,81,91,180,180,126,128,308,314,204,206,275,275,243,249,198,204,301,317,134,134
Cape_Tribulation,2.1,-16.85,145.46,2000,2000,192,192,209,217,189,195,244,244,220,224,286,286,112,124,194,212,227,227,93,93,180,186,116,116,308,328,204,206,263,273,237,237,192,192,299,299,134,134
Cape_Tribulation,2.1,-16.85,145.46,2000,2000,186,186,217,217,185,189,236,243,222,224,284,284,112,116,194,194,242,242,93,93,186,186,116,128,306,334,200,204,261,263,239,247,200,200,0,0,142,142
Cape_Tribulation,2.1,-16.85,145.46,2000,2000,188,190,217,221,185,185,239,239,220,220,286,302,112,122,194,210,224,227,91,91,180,186,116,126,306,336,204,206,271,273,225,237,192,202,299,301,144,152
Cape_Tribulation,2.1,-16.85,145.46,2000,2000,186,186,217,217,187,189,240,244,220,226,282,288,116,126,194,194,227,242,91,91,180,186,126,126,306,312,202,204,263,263,235,237,202,202,299,299,134,134
Cape_Tribulation,2.1,-16.85,145.46,2000,2000,182,186,217,221,187,189,241,241,220,220,286,286,112,124,194,194,227,227,93,93,180,186,116,126,306,312,204,206,263,275,231,237,192,198,0,0,0,0
Cape_Tribulation,2.1,-16.85,145.46,2000,2000,186,188,219,221,189,189,233,242,220,228,288,292,112,114,194,208,224,242,93,93,180,186,116,128,308,311,200,204,263,273,235,237,192,200,0,0,134,134
Cape_Tribulation,2.1,-16.85,145.46,2000,2000,188,188,221,221,189,195,234,245,220,226,288,304,112,124,194,208,224,242,79,91,186,186,126,128,306,312,204,206,263,283,239,251,192,204,299,301,0,0
Cape_Tribulation,2.1,-16.85,145.46,2000,2000,188,192,217,221,195,195,238,242,222,228,282,302,120,124,194,208,224,227,93,93,186,186,116,126,306,312,206,206,263,279,225,237,192,200,301,301,0,0
Cape_Tribulation,2.1,-16.85,145.46,2000,2000,184,186,221,221,189,195,241,242,220,224,286,286,124,124,194,212,224,227,81,91,180,186,126,126,306,312,204,206,263,263,245,245,192,200,299,299,0,0
Cape_Tribulation,2.3,-16.85,145.46,2000,2000,186,192,209,221,185,191,239,243,226,226,286,294,112,124,194,194,224,227,93,93,180,186,120,126,308,310,204,206,271,277,251,251,192,202,299,323,134,134
Cape_Tribulation,2.3,-16.85,145.46,2000,2000,186,190,209,221,185,195,242,257,220,228,286,304,112,124,194,194,224,242,93,93,180,186,128,128,306,314,202,204,263,273,235,245,194,202,301,317,134,134
Cape_Tribulation,2.3,-16.85,145.46,2000,2000,186,188,209,221,189,193,239,242,220,224,302,302,112,124,194,208,242,242,93,93,180,186,116,126,312,314,204,204,271,273,225,237,194,202,313,317,146,146
Cape_Tribulation,2.3,-16.85,145.46,2000,2000,182,190,221,221,189,191,238,242,224,224,280,302,112,124,208,218,224,242,93,93,180,186,126,128,306,308,204,206,269,275,237,237,192,200,325,329,142,144
Cape_Tribulation,2.3,-16.85,145.46,2000,2000,186,186,209,219,189,189,234,243,224,226,286,304,124,124,194,214,224,224,93,93,180,186,116,128,306,310,204,204,271,275,237,239,194,198,299,301,134,142
Cape_Tribulation,2.3,-16.85,145.46,2000,2000,186,188,209,221,0,0,0,0,220,222,282,286,122,124,208,214,227,227,0,0,0,0,126,126,339,339,204,206,261,271,0,0,192,194,317,329,134,134
Cape_Tribulation,2.3,-16.85,145.46,2000,2000,180,188,209,219,185,189,241,245,220,220,282,286,112,124,194,208,227,242,93,93,180,186,116,126,312,336,204,206,261,271,251,255,194,198,299,321,142,142
Cape_Tribulation,2.3,-16.85,145.46,2000,2000,186,188,209,217,189,191,242,242,224,228,282,282,112,124,194,194,227,227,81,93,186,186,116,126,306,312,204,204,263,271,235,247,202,202,299,299,134,134
Cape_Tribulation,2.3,-16.85,145.46,2000,2000,186,186,209,217,193,195,245,249,220,228,284,302,0,0,194,194,224,224,93,93,180,186,116,128,314,314,204,204,263,269,225,249,202,204,317,321,134,134
Cape_Tribulation,2.3,-16.85,145.46,2000,2000,186,192,209,209,187,191,239,239,220,220,286,294,124,130,0,0,224,227,81,91,180,180,116,116,308,308,200,204,273,275,243,243,192,202,317,323,134,134
Cape_Tribulation,1.2,-16.85,145.46,2000,2000,186,188,209,217,189,189,240,242,224,226,288,302,124,124,194,208,224,227,81,93,0,0,116,126,306,335,192,192,261,263,237,237,192,200,317,317,134,134
Cape_Tribulation,1.2,-16.85,145.46,2000,2000,186,186,217,221,187,195,238,241,220,220,302,302,122,124,212,218,227,227,93,93,180,180,116,128,306,312,0,0,273,275,245,245,200,200,317,317,142,142
Cape_Tribulation,1.2,-16.85,145.46,2000,2000,186,188,217,219,189,195,234,241,220,220,286,292,122,122,194,214,224,227,93,93,180,186,116,128,310,312,0,0,261,263,243,243,192,194,299,299,134,134
Cape_Tribulation,1.2,-16.85,145.46,2000,2000,186,186,217,219,185,189,241,241,224,226,282,282,124,126,208,208,224,227,93,93,186,186,116,126,312,312,194,204,261,273,235,261,200,200,299,323,134,134
Cape_Tribulation,1.2,-16.85,145.46,2000,2000,186,186,209,219,193,193,238,241,220,226,288,294,112,112,216,218,227,227,93,93,186,186,116,126,308,328,194,194,261,273,243,243,198,198,0,0,152,154
Cape_Tribulation,1.2,-16.85,145.46,2000,2000,186,188,209,217,189,189,241,241,226,226,290,302,112,112,212,216,227,227,93,93,186,186,116,126,308,312,0,0,263,263,235,237,200,200,301,317,134,134
Cape_Tribulation,1.2,-16.85,145.46,2000,2000,184,186,209,209,185,193,235,241,220,224,290,290,122,126,194,216,224,227,93,93,186,186,116,126,306,306,0,0,261,263,243,243,192,200,299,317,134,152
Cape_Tribulation,1.2,-16.85,145.46,2000,2000,188,188,217,221,189,195,238,242,220,228,280,282,108,124,194,214,227,227,93,93,186,186,126,128,308,338,192,192,271,275,225,225,200,202,317,317,134,134
Cape_Tribulation,1.2,-16.85,145.46,2000,2000,186,188,217,217,187,189,239,239,220,228,286,286,114,124,198,216,227,227,93,93,0,0,116,126,306,308,0,0,275,275,243,243,190,204,323,325,134,144
Cape_Tribulation,1.2,-16.85,145.46,2000,2000,186,190,209,221,187,189,234,241,220,226,282,292,124,130,208,212,224,224,81,81,0,0,116,128,308,312,0,0,263,271,0,0,198,202,317,317,134,134
Cape_Tribulation,1.3,-16.85,145.46,2000,2000,182,186,221,221,189,189,243,243,224,224,286,286,112,112,208,218,227,227,93,93,186,186,126,126,306,328,0,0,263,273,237,237,202,202,323,323,134,142
Cape_Tribulation,1.3,-16.85,145.46,2000,2000,186,188,209,221,189,189,239,239,220,224,282,286,116,126,194,216,227,227,93,93,182,186,120,128,306,306,204,204,273,275,231,251,190,202,299,317,134,152
Cape_Tribulation,1.3,-16.85,145.46,2000,2000,186,186,209,217,187,195,239,242,228,228,302,302,124,124,0,0,224,224,81,93,180,180,116,128,306,337,204,206,263,275,231,249,202,202,317,317,134,134
Cape_Tribulation,1.3,-16.85,145.46,2000,2000,186,188,209,217,189,193,243,243,220,226,282,286,124,124,212,214,227,227,93,93,180,186,116,124,306,308,204,204,275,283,251,251,192,196,317,325,0,0
Cape_Tribulation,1.3,-16.85,145.46,2000,2000,186,192,217,217,189,189,243,243,220,220,280,284,112,116,194,212,224,224,81,81,186,186,126,126,306,338,202,206,263,273,225,225,192,198,299,317,146,146
Cape_Tribulation,1.3,-16.85,145.46,2000,2000,186,190,191,197,189,189,242,242,220,226,278,280,112,116,194,214,224,224,93,93,186,186,120,126,306,338,202,204,271,273,247,247,202,202,299,299,134,134
Cape_Tribulation,1.3,-16.85,145.46,2000,2000,186,188,209,217,189,189,237,243,220,224,286,286,124,124,214,214,224,227,93,93,180,186,120,126,312,314,204,204,261,273,229,251,200,204,299,299,134,134
Cape_Tribulation,1.3,-16.85,145.46,2000,2000,182,186,221,221,185,187,242,242,220,228,282,290,124,124,214,214,227,227,93,93,186,186,114,128,312,338,202,204,271,275,225,225,192,200,313,317,0,134
Cape_Tribulation,1.3,-16.85,145.46,2000,2000,186,188,209,217,189,189,242,242,224,226,286,290,124,124,208,214,224,227,81,93,180,186,116,126,306,310,204,204,263,275,257,257,192,202,0,0,144,144
Cape_Tribulation,1.3,-16.85,145.46,2000,2000,184,188,209,221,189,195,239,239,220,228,288,288,124,124,194,210,227,227,93,93,180,180,116,126,308,312,0,0,265,271,225,243,194,198,317,317,134,134
Townsville,2.1,-19.37,146.00,2000,2000,186,186,209,217,189,195,234,238,220,224,278,286,112,122,194,214,224,227,93,93,180,186,122,126,306,308,204,204,263,285,0,0,198,200,317,333,134,134
Townsville,2.1,-19.37,146.00,2000,2000,184,186,221,221,191,193,239,244,220,220,288,288,118,120,194,194,227,227,93,93,180,186,116,116,308,310,202,204,271,273,251,253,192,198,299,317,134,134
Townsville,2.1,-19.37,146.00,2000,2000,186,188,217,217,189,189,244,244,220,224,284,284,112,112,194,214,227,227,93,93,180,180,116,116,306,310,204,204,261,263,249,249,198,200,319,327,134,150
Townsville,2.1,-19.37,146.00,2000,2000,186,188,209,217,189,189,242,242,220,222,278,288,124,124,214,218,224,227,93,93,180,186,116,126,310,318,204,204,261,263,237,237,198,200,317,327,150,150
Townsville,2.1,-19.37,146.00,2000,2000,182,192,0,0,185,195,241,241,222,226,282,286,0,0,0,0,224,227,81,93,186,186,0,0,0,0,202,206,263,271,249,249,188,204,299,317,0,0
Townsville,2.1,-19.37,146.00,2000,2000,182,188,221,221,189,189,236,241,220,220,280,290,0,0,0,0,224,227,93,93,186,186,0,0,0,0,204,204,273,273,263,263,198,200,321,329,0,0
Townsville,2.1,-19.37,146.00,2000,2000,186,186,219,219,183,189,241,241,222,228,280,288,122,124,208,214,224,227,81,93,180,180,126,126,329,348,204,206,263,273,235,235,192,202,301,301,152,152
Townsville,2.1,-19.37,146.00,2000,2000,186,186,209,221,189,189,234,241,220,220,0,0,116,124,194,214,227,227,83,101,186,186,116,126,308,312,202,204,263,271,0,0,196,202,0,0,152,152
Townsville,2.1,-19.37,146.00,2000,2000,186,190,217,217,189,189,240,240,0,0,286,286,112,112,194,198,227,227,81,93,186,186,126,126,306,308,202,204,275,283,235,235,198,200,317,317,134,152
Townsville,2.1,-19.37,146.00,2000,2000,186,188,219,219,187,189,238,242,0,0,286,286,112,124,194,214,224,227,81,91,180,186,126,126,310,310,200,204,273,275,245,247,200,200,313,313,134,152
Townsville,2.2,-19.37,146.00,2000,2000,186,186,209,217,189,189,241,241,224,226,284,302,116,120,214,214,224,227,81,91,180,186,118,126,312,329,200,204,0,0,249,249,192,210,299,317,134,152
Townsville,2.2,-19.37,146.00,2000,2000,186,192,221,221,189,189,238,245,220,228,282,282,124,126,194,218,224,227,81,91,180,186,118,126,306,308,204,206,0,0,237,253,192,202,317,327,134,152
Townsville,2.2,-19.37,146.00,2000,2000,186,186,209,223,185,189,240,240,220,224,282,284,112,122,214,214,224,227,91,91,180,186,116,126,310,312,204,204,0,261,237,253,200,202,315,317,134,150
Townsville,2.2,-19.37,146.00,2000,2000,0,0,0,0,195,195,239,242,220,220,282,288,116,124,212,218,0,0,93,93,180,180,126,126,306,308,0,0,0,0,243,249,198,198,299,323,152,152
Townsville,2.2,-19.37,146.00,2000,2000,186,186,217,221,185,187,242,248,224,224,282,286,112,124,212,216,227,227,93,93,180,186,116,126,329,334,204,204,263,273,235,249,196,198,317,317,134,152
Townsville,2.2,-19.37,146.00,2000,2000,186,192,217,221,189,189,239,239,224,226,280,288,116,124,194,214,224,227,93,93,186,186,116,126,308,317,204,206,261,275,243,243,198,204,317,321,152,152
Townsville,2.2,-19.37,146.00,2000,2000,186,186,217,217,189,189,242,249,222,222,278,290,124,124,194,208,0,0,93,93,186,186,116,126,308,339,200,204,263,283,235,235,198,202,317,317,134,134
Townsville,2.2,-19.37,146.00,2000,2000,186,192,217,217,189,189,241,241,222,222,284,288,126,126,194,194,227,227,91,91,180,186,116,126,310,326,202,204,261,273,243,243,192,202,317,323,134,134
Townsville,2.2,-19.37,146.00,2000,2000,186,186,209,221,0,0,0,0,220,226,288,302,116,116,194,212,227,227,0,0,0,0,120,126,306,323,204,206,273,273,0,0,190,194,317,317,134,152
Townsville,2.2,-19.37,146.00,2000,2000,182,186,221,221,185,193,237,241,220,226,288,288,112,124,194,208,227,227,93,93,180,186,116,126,310,312,204,204,261,271,245,245,200,200,313,329,134,134
Townsville,2.2,-19.37,146.00,2000,2000,186,186,209,209,189,189,241,257,220,226,288,288,116,124,194,194,227,227,81,91,180,186,116,126,308,321,204,204,261,261,249,249,198,200,317,317,134,134
Townsville,1.1,-19.37,146.00,2000,2000,186,188,209,217,185,189,243,244,220,226,286,286,112,112,208,216,224,227,93,93,180,186,116,120,308,313,204,204,265,271,249,253,198,198,299,299,0,0
Townsville,1.1,-19.37,146.00,2000,2000,192,192,217,217,189,189,238,243,220,228,290,304,112,126,212,218,224,224,91,91,180,186,126,126,310,333,204,204,263,263,237,243,198,200,299,299,0,0
Townsville,1.1,-19.37,146.00,2000,2000,186,186,209,221,189,193,234,241,222,228,288,302,112,124,214,218,227,227,91,91,186,186,116,116,306,313,204,204,263,283,245,253,190,200,0,0,0,0
Townsville,1.1,-19.37,146.00,2000,2000,182,186,221,221,189,193,241,242,220,226,286,302,124,124,194,208,227,242,93,93,180,186,116,126,308,308,204,204,263,275,243,243,192,202,303,317,0,0
Townsville,1.1,-19.37,146.00,2000,2000,178,186,209,209,189,189,242,245,222,228,286,302,124,126,212,218,224,227,81,91,186,186,124,126,308,308,200,204,261,261,0,0,198,198,317,317,0,0
Townsville,1.1,-19.37,146.00,2000,2000,182,186,219,219,185,189,239,243,220,224,286,286,112,116,208,216,224,227,91,91,180,186,116,126,310,337,204,204,257,271,237,245,192,202,317,321,0,0
Townsville,1.1,-19.37,146.00,2000,2000,186,186,217,221,189,189,245,245,220,228,286,286,122,124,194,220,224,224,93,93,186,186,116,116,308,330,202,204,261,263,245,251,196,200,299,317,152,152
Townsville,1.1,-19.37,146.00,2000,2000,186,186,197,197,193,215,238,238,224,224,282,286,122,124,212,214,224,227,81,93,180,186,126,126,310,313,202,206,263,263,245,245,198,198,317,323,0,0
Townsville,1.1,-19.37,146.00,2000,2000,190,192,209,209,189,215,241,257,222,228,284,290,124,124,212,214,224,227,93,93,180,186,128,128,309,311,202,206,261,263,239,253,194,200,323,329,136,136
Townsville,1.1,-19.37,146.00,2000,2000,186,192,209,223,189,189,234,250,220,220,278,288,124,124,194,194,227,242,93,93,186,186,116,126,306,325,204,204,273,277,225,243,192,200,321,323,134,134
Townsville,1.1,-19.37,146.00,2000,2000,182,186,219,219,185,189,238,242,220,224,286,286,112,116,208,216,0,0,93,93,180,186,116,126,310,338,0,0,257,271,237,245,192,202,317,321,134,152
Townsville,1.3,-19.37,146.00,2000,2000,186,188,209,209,189,189,242,247,220,226,282,290,112,124,194,218,224,227,93,93,186,186,116,126,308,310,204,204,247,273,237,249,188,200,317,321,134,152
Townsville,1.3,-19.37,146.00,2000,2000,186,186,217,217,189,189,234,236,220,220,288,288,126,126,194,194,227,227,93,93,180,186,126,126,328,338,204,204,275,275,235,243,192,200,313,317,134,134
Townsville,1.3,-19.37,146.00,2000,2000,192,192,209,217,187,193,239,244,220,228,282,290,112,124,194,212,224,224,93,93,180,180,126,126,337,339,204,206,263,271,247,247,194,194,317,317,134,152
Townsville,1.3,-19.37,146.00,2000,2000,186,188,221,221,189,191,242,242,220,228,286,286,124,124,194,218,227,242,93,93,180,186,126,126,320,320,204,204,263,273,235,237,200,200,317,317,152,152
Townsville,1.3,-19.37,146.00,2000,2000,182,186,217,217,185,187,234,241,220,228,284,296,112,124,194,194,227,242,91,101,180,186,116,126,306,312,200,204,247,261,237,249,202,202,321,325,134,134
Townsville,1.3,-19.37,146.00,2000,2000,182,186,209,209,193,195,239,242,220,220,288,288,124,126,194,218,224,227,93,93,180,186,116,124,310,339,204,204,257,261,235,235,196,196,299,299,134,158
Townsville,1.3,-19.37,146.00,2000,2000,184,186,209,209,189,195,234,241,220,224,286,302,124,124,216,216,224,227,93,93,180,180,116,126,306,308,204,206,261,271,245,251,190,198,317,323,152,152
Townsville,1.3,-19.37,146.00,2000,2000,186,188,197,221,189,189,241,244,220,224,286,288,124,126,194,194,242,248,93,93,186,186,120,126,306,306,204,204,273,273,247,247,200,200,317,319,134,134
Townsville,1.3,-19.37,146.00,2000,2000,186,192,209,217,193,195,238,241,220,228,286,302,124,124,194,216,227,242,81,93,180,186,126,128,306,327,202,206,267,273,245,249,200,202,325,329,134,152
Townsville,1.3,-19.37,146.00,2000,2000,188,192,217,217,189,189,242,242,226,226,284,286,122,124,194,208,224,224,93,93,186,186,116,128,312,339,202,206,263,271,253,253,202,204,317,317,134,134
Rockhampton,2.1,-23.4,150.49,2000,2000,186,186,209,221,189,189,235,242,0,0,286,286,124,124,208,214,224,227,91,91,186,186,126,126,308,308,204,204,265,277,235,243,192,200,0,0,134,134
Rockhampton,2.1,-23.4,150.49,2000,2000,186,186,219,219,0,0,0,0,224,226,284,288,116,126,0,0,224,227,81,91,0,0,128,128,306,306,206,206,263,267,0,0,192,198,315,317,144,144
Rockhampton,2.1,-23.4,150.49,2000,2000,0,0,0,0,189,195,241,244,222,226,288,288,0,0,0,0,0,0,81,81,180,186,0,0,0,0,0,0,0,0,245,245,200,200,317,317,0,0
Rockhampton,2.1,-23.4,150.49,2000,2000,0,0,0,0,189,189,238,238,220,220,282,288,0,0,0,0,0,0,93,93,0,0,0,0,0,0,0,0,0,0,225,231,198,200,0,0,0,0
Rockhampton,2.1,-23.4,150.49,2000,2000,0,0,0,0,0,0,0,0,220,228,286,286,124,126,194,214,0,0,81,81,0,0,0,0,308,339,0,0,0,0,0,0,192,194,301,317,134,134
Rockhampton,2.1,-23.4,150.49,2000,2000,0,0,0,0,193,193,238,241,220,228,282,288,110,124,0,0,0,0,93,93,0,0,0,0,306,333,0,0,0,0,245,255,198,200,317,317,152,152
Rockhampton,2.1,-23.4,150.49,2000,2000,190,192,209,221,0,0,0,0,220,224,286,286,114,124,0,0,224,227,0,0,0,0,0,0,306,308,0,0,265,273,0,0,200,200,323,323,152,152
Rockhampton,2.1,-23.4,150.49,2000,2000,0,0,0,0,0,0,0,0,226,228,286,288,0,0,0,0,0,0,81,81,0,0,0,0,0,0,0,0,0,0,0,0,200,200,299,317,0,0
Rockhampton,2.1,-23.4,150.49,2000,2000,0,0,0,0,0,0,0,0,220,228,282,286,126,126,208,218,0,0,81,81,0,0,0,0,308,333,0,0,0,0,0,0,196,200,317,317,0,0
Rockhampton,2.1,-23.4,150.49,2000,2000,0,0,221,221,189,195,242,242,220,220,286,304,124,124,194,216,0,0,93,93,186,186,116,126,314,339,202,202,0,0,235,235,188,202,317,325,154,154
Rockhampton,2.2,-23.4,150.49,2000,2000,186,188,209,209,189,189,241,241,220,226,284,288,124,124,214,218,224,242,81,81,0,0,128,128,309,339,0,0,275,277,237,249,190,192,299,317,152,152
Rockhampton,2.2,-23.4,150.49,2000,2000,0,0,0,0,185,195,236,244,226,226,282,286,124,124,208,216,0,0,81,81,0,0,124,124,308,308,0,0,0,0,245,245,196,196,299,299,134,160
Rockhampton,2.2,-23.4,150.49,2000,2000,186,188,209,209,189,191,244,244,0,0,298,304,112,116,212,214,0,0,0,0,186,186,0,0,308,310,0,0,0,0,249,249,204,208,0,0,134,134
Rockhampton,2.2,-23.4,150.49,2000,2000,186,190,217,221,189,193,244,244,220,228,282,293,112,124,214,218,224,227,81,81,0,0,126,126,306,306,0,0,261,265,251,251,200,200,303,303,152,152
Rockhampton,2.2,-23.4,150.49,2000,2000,186,186,217,217,189,189,233,241,0,0,0,0,122,122,208,212,0,0,91,91,180,180,0,0,306,340,0,0,0,0,235,235,0,0,0,0,158,158
Rockhampton,2.2,-23.4,150.49,2000,2000,182,188,217,217,187,189,239,242,226,228,282,288,112,116,194,212,224,227,93,93,180,180,116,116,308,339,204,206,261,273,253,253,194,198,315,317,134,134
Rockhampton,2.2,-23.4,150.49,2000,2000,180,192,209,221,189,195,236,241,224,228,282,296,126,126,194,214,224,224,93,93,186,186,124,124,311,339,204,206,263,277,243,243,202,202,317,317,152,152
Rockhampton,2.2,-23.4,150.49,2000,2000,174,178,205,209,189,189,240,240,210,210,266,272,112,114,188,188,233,236,87,89,0,0,0,0,0,0,0,0,275,275,0,0,176,176,0,0,138,156
Rockhampton,2.2,-23.4,150.49,2000,2000,186,188,221,221,189,191,242,245,224,228,288,288,116,124,212,218,224,224,93,93,180,186,126,126,306,311,204,204,273,273,245,245,202,202,301,317,152,152
Rockhampton,2.2,-23.4,150.49,2000,2000,186,186,221,221,189,193,240,248,220,224,288,288,112,112,194,208,224,224,93,93,186,186,126,126,310,339,204,204,261,273,231,237,192,192,317,317,134,134
Rockhampton,1.1,-23.4,150.49,2000,2000,186,188,221,221,189,195,244,244,220,220,278,286,122,124,194,220,224,224,81,91,180,186,116,116,327,327,204,204,275,277,245,249,192,200,317,325,134,152
Rockhampton,1.1,-23.4,150.49,2000,2000,186,190,209,221,189,193,241,241,220,224,284,288,122,126,208,212,224,224,93,93,180,186,126,126,328,328,202,204,261,273,237,243,192,200,299,329,134,134
Rockhampton,1.1,-23.4,150.49,2000,2000,184,188,209,219,187,189,240,242,224,226,286,286,112,112,194,210,224,224,93,93,180,186,116,116,332,339,204,206,267,273,235,235,192,194,317,317,134,142
Rockhampton,1.1,-23.4,150.49,2000,2000,186,192,219,221,185,193,234,241,220,222,288,288,112,126,194,194,224,224,93,93,180,186,116,126,306,310,204,204,273,275,225,249,200,204,299,321,134,134
Rockhampton,1.1,-23.4,150.49,2000,2000,184,188,221,221,185,193,241,244,220,228,282,288,124,124,212,216,224,224,93,93,180,186,116,126,306,341,186,204,263,273,247,253,198,200,301,329,142,152
Rockhampton,1.1,-23.4,150.49,2000,2000,188,192,221,221,0,0,0,0,226,226,284,284,112,112,208,212,224,224,0,0,0,0,124,126,306,310,202,206,261,277,0,0,200,200,317,317,134,134
Rockhampton,1.1,-23.4,150.49,2000,2000,186,186,219,221,189,189,239,247,0,0,0,0,120,124,216,216,227,227,93,93,186,186,116,116,306,339,200,202,261,263,235,247,0,0,0,0,152,152
Rockhampton,1.1,-23.4,150.49,2000,2000,186,190,221,221,189,193,220,224,0,0,0,0,112,124,194,208,224,227,81,93,186,186,124,126,322,327,204,204,259,261,243,253,0,0,0,0,134,134
Rockhampton,1.1,-23.4,150.49,2000,2000,186,186,209,217,193,193,241,241,222,222,286,290,116,116,216,220,227,227,93,93,186,186,124,126,306,312,202,204,273,275,237,237,194,200,317,325,134,156
Rockhampton,1.1,-23.4,150.49,2000,2000,184,186,0,0,189,195,244,244,220,226,282,306,112,124,208,214,224,227,93,93,180,186,116,116,308,335,204,204,275,275,247,275,192,192,299,317,134,134
Rockhampton,1.2,-23.4,150.49,2000,2000,188,188,217,221,189,191,245,245,0,0,0,0,124,124,212,214,224,227,93,93,180,186,116,116,308,339,202,204,0,0,237,245,0,0,0,0,134,156
Rockhampton,1.2,-23.4,150.49,2000,2000,190,190,221,221,189,189,241,241,224,226,288,288,112,116,194,194,224,227,93,93,182,186,116,126,312,312,204,204,0,247,233,247,202,202,323,329,134,134
Rockhampton,1.2,-23.4,150.49,2000,2000,186,186,209,221,185,193,242,242,220,220,288,288,110,126,194,208,224,224,93,93,180,186,126,126,306,308,202,202,0,265,247,247,202,202,317,323,134,134
Rockhampton,1.2,-23.4,150.49,2000,2000,186,188,217,221,187,189,234,236,220,222,288,288,116,126,214,216,227,227,81,81,180,180,124,124,306,312,204,204,0,273,231,231,192,200,329,329,154,160
Rockhampton,1.2,-23.4,150.49,2000,2000,186,188,221,221,0,0,0,0,220,224,288,288,0,0,208,212,227,227,0,0,0,0,126,126,308,323,204,204,0,263,0,0,202,202,299,317,134,134
Rockhampton,1.2,-23.4,150.49,2000,2000,186,186,197,217,185,189,241,241,220,222,286,286,114,118,212,214,227,227,81,91,180,186,114,114,308,330,202,202,0,273,225,237,192,202,317,325,132,142
Rockhampton,1.2,-23.4,150.49,2000,2000,186,188,209,221,185,193,239,246,220,220,286,286,124,124,0,0,224,224,93,93,180,186,124,124,306,326,204,204,0,265,225,247,200,202,299,299,152,152
Rockhampton,1.2,-23.4,150.49,2000,2000,188,190,209,217,189,193,239,239,226,228,286,286,124,124,214,218,224,227,93,93,186,186,116,116,310,313,186,204,0,0,231,249,198,200,319,329,152,160
Rockhampton,1.2,-23.4,150.49,2000,2000,186,188,209,219,189,193,244,250,220,220,278,286,112,116,208,216,227,242,93,93,186,186,126,126,306,312,204,204,0,273,231,231,198,204,323,333,142,152
Rockhampton,1.2,-23.4,150.49,2000,2000,186,186,209,221,189,191,242,242,220,224,286,286,112,112,194,214,224,242,93,93,180,186,116,116,310,334,204,204,0,261,245,251,196,202,317,323,134,150
Coolangatta,1.1,-28.29,153.53,2000,2000,192,192,209,217,195,195,238,238,226,226,282,286,122,124,194,214,227,227,93,93,180,180,116,116,306,313,204,206,261,263,253,253,192,200,0,0,134,134
Coolangatta,1.1,-28.29,153.53,2000,2000,182,184,209,209,185,187,233,244,220,220,282,286,116,124,194,212,224,227,93,93,186,186,114,116,308,313,200,200,265,275,251,251,192,194,317,327,142,142
Coolangatta,1.1,-28.29,153.53,2000,2000,186,190,209,221,189,191,245,245,222,226,278,286,124,124,0,0,227,227,93,93,180,186,116,124,308,338,202,204,261,275,217,217,192,204,0,0,142,142
Coolangatta,1.1,-28.29,153.53,2000,2000,186,188,221,221,189,189,239,242,220,226,286,286,122,126,218,220,227,242,93,93,186,186,116,126,308,339,204,204,261,261,243,245,196,200,299,301,150,152
Coolangatta,1.1,-28.29,153.53,2000,2000,186,188,209,219,189,191,239,244,220,222,282,286,116,116,210,216,224,224,93,95,186,186,116,124,0,0,204,204,261,263,0,0,198,198,0,0,152,152
Coolangatta,1.1,-28.29,153.53,2000,2000,186,188,219,221,185,189,241,241,222,226,284,294,116,124,212,214,227,227,93,93,186,186,120,130,306,330,204,204,259,271,249,249,200,200,325,329,134,142
Coolangatta,1.1,-28.29,153.53,2000,2000,186,186,217,219,189,189,241,241,220,226,282,284,124,124,194,218,224,227,93,93,186,186,120,128,306,321,200,204,271,273,271,271,192,206,317,329,134,142
Coolangatta,1.1,-28.29,153.53,2000,2000,184,192,209,221,189,195,233,241,220,224,286,306,112,124,194,194,224,227,91,91,180,186,116,126,306,323,196,206,261,277,0,0,190,194,333,333,134,148
Coolangatta,1.1,-28.29,153.53,2000,2000,184,186,209,219,193,193,238,242,224,226,278,288,112,112,212,214,224,227,93,93,180,186,122,126,306,337,204,206,277,283,231,243,190,206,317,317,144,144
Coolangatta,1.1,-28.29,153.53,2000,2000,188,188,209,217,185,193,233,241,220,220,286,286,112,124,194,212,224,227,93,93,186,186,120,126,308,338,204,206,265,271,243,247,196,200,299,323,152,152
Coolangatta,1.2,-28.29,153.53,2000,2000,184,186,209,209,191,193,242,242,220,224,288,294,124,126,214,214,227,227,93,93,180,186,116,116,306,338,204,204,275,289,245,245,202,202,319,327,134,142
Coolangatta,1.2,-28.29,153.53,2000,2000,188,190,0,0,0,0,234,242,220,226,0,0,124,124,0,0,0,0,93,93,0,0,0,0,0,0,0,0,0,0,0,0,192,206,299,299,134,144
Coolangatta,1.2,-28.29,153.53,2000,2000,182,182,217,217,191,191,240,240,224,226,286,288,124,126,210,214,224,242,93,93,180,186,126,126,306,306,204,204,261,263,237,269,194,196,317,319,152,154
Coolangatta,1.2,-28.29,153.53,2000,2000,186,188,217,217,189,213,244,244,220,226,282,286,112,122,194,214,224,227,93,93,186,186,116,126,328,338,0,0,263,263,235,237,198,198,317,317,134,134
Coolangatta,1.2,-28.29,153.53,2000,2000,186,192,209,209,189,215,240,240,220,220,288,288,112,124,218,218,227,227,81,93,186,186,116,116,318,318,0,0,261,261,0,0,198,202,317,323,142,152
Coolangatta,1.2,-28.29,153.53,2000,2000,186,186,217,221,185,195,242,242,220,222,288,290,116,122,208,218,227,227,93,93,0,0,0,0,306,318,0,0,261,275,243,245,194,202,0,0,134,144
Coolangatta,1.2,-28.29,153.53,2000,2000,182,186,211,211,189,195,242,242,220,224,286,286,112,124,194,214,227,227,93,93,186,186,126,126,308,340,200,200,261,281,241,243,194,198,317,317,134,152
Coolangatta,1.2,-28.29,153.53,2000,2000,182,186,217,217,187,189,240,240,220,220,286,286,116,122,194,212,227,227,93,93,186,186,126,126,326,338,0,0,273,273,243,243,192,200,317,317,134,152
Coolangatta,1.2,-28.29,153.53,2000,2000,186,190,217,217,185,185,242,244,220,222,282,302,124,124,194,194,227,227,93,93,186,186,126,126,308,308,204,204,263,263,249,249,198,198,317,317,134,134
Coolangatta,1.2,-28.29,153.53,2000,2000,186,188,217,221,187,193,234,242,220,220,280,286,112,124,194,212,224,227,81,81,0,0,116,116,306,306,0,0,273,273,225,225,202,202,317,327,134,152
Coolangatta,3.2,-28.29,153.53,2000,2000,186,190,209,209,185,193,240,243,220,224,288,290,122,124,214,218,227,227,93,93,180,186,116,126,306,310,200,204,271,273,231,231,200,200,315,315,144,154
Coolangatta,3.2,-28.29,153.53,2000,2000,182,188,217,221,189,195,237,239,220,226,288,288,112,126,214,216,227,245,93,93,180,186,116,116,306,306,204,204,273,277,0,0,202,204,299,315,134,154
Coolangatta,3.2,-28.29,153.53,2000,2000,186,186,221,221,189,191,234,240,220,220,288,290,112,124,208,212,224,245,93,93,186,186,116,126,324,328,0,0,273,277,0,0,200,202,0,0,134,144
Coolangatta,3.2,-28.29,153.53,2000,2000,186,186,217,219,189,189,239,242,224,228,286,286,112,124,214,216,227,227,81,93,186,186,116,116,306,308,202,204,271,273,245,245,196,200,301,301,152,152
Coolangatta,3.2,-28.29,153.53,2000,2000,186,186,209,221,189,195,236,245,220,220,282,286,122,124,194,214,224,224,93,93,186,186,116,124,306,306,202,206,261,289,243,249,192,202,0,0,134,134
Coolangatta,3.2,-28.29,153.53,2000,2000,186,186,209,217,189,189,239,242,220,220,280,288,112,116,208,218,224,224,81,81,180,180,116,122,0,0,0,0,255,263,237,237,196,202,0,0,152,152
Coolangatta,3.2,-28.29,153.53,2000,2000,186,190,219,221,189,189,236,242,220,228,288,290,112,126,216,218,227,227,93,93,180,186,116,126,0,0,204,204,263,273,247,251,198,204,299,299,142,152
Coolangatta,3.2,-28.29,153.53,2000,2000,186,186,209,209,189,191,240,240,220,228,288,290,124,124,212,214,224,227,93,93,186,186,116,126,306,338,204,204,259,263,0,0,202,202,299,299,134,134
Coolangatta,3.2,-28.29,153.53,2000,2000,186,186,221,221,189,189,234,242,220,226,286,286,116,124,214,218,224,224,93,93,0,0,116,116,306,310,202,204,271,275,245,245,194,200,299,299,134,142
Coolangatta,3.2,-28.29,153.53,2000,2000,186,188,221,227,189,191,242,242,220,224,286,290,122,124,208,214,224,224,93,93,186,186,126,126,312,340,200,200,263,281,251,251,194,204,299,299,134,134
Coolangatta,3.3,-28.29,153.53,2000,2000,182,192,209,217,187,189,241,241,220,224,288,288,124,124,194,212,224,227,93,93,172,186,120,124,306,328,200,206,261,261,253,253,200,202,299,319,152,152
Coolangatta,3.3,-28.29,153.53,2000,2000,186,188,211,211,189,189,241,241,220,226,282,286,112,124,194,218,224,227,93,93,180,186,116,126,310,310,204,204,261,275,235,235,200,200,317,317,134,152
Coolangatta,3.3,-28.29,153.53,2000,2000,184,188,217,221,187,191,241,241,220,226,286,296,112,116,208,214,224,227,93,93,180,186,120,126,306,329,204,206,263,285,237,255,194,198,299,299,134,134
Coolangatta,3.3,-28.29,153.53,2000,2000,186,186,0,0,189,189,238,242,220,220,286,286,126,126,192,192,227,227,93,93,186,192,116,130,306,310,200,200,267,277,231,241,200,200,299,299,134,134
Coolangatta,3.3,-28.29,153.53,2000,2000,186,186,219,219,193,193,233,239,220,228,286,308,122,122,194,218,224,227,93,93,180,180,126,126,308,338,204,204,0,0,231,231,192,200,299,299,132,152
Coolangatta,3.3,-28.29,153.53,2000,2000,182,188,221,221,187,189,239,241,220,220,286,286,124,124,194,214,227,242,93,95,180,186,126,126,338,343,202,204,261,277,229,243,192,202,317,317,0,0
Coolangatta,3.3,-28.29,153.53,2000,2000,186,190,217,221,189,191,235,235,222,222,284,286,108,124,212,218,224,227,93,93,186,186,116,126,306,309,202,204,275,275,235,247,196,202,317,317,134,142
Coolangatta,3.3,-28.29,153.53,2000,2000,186,188,217,223,189,191,241,241,220,226,282,286,124,124,192,216,224,242,93,93,180,186,116,116,330,330,196,204,273,275,245,245,192,200,301,301,134,158
Coolangatta,3.3,-28.29,153.53,2000,2000,184,188,209,221,189,193,241,244,220,224,282,286,108,124,214,214,224,227,93,93,186,186,116,120,306,310,202,204,263,273,241,247,198,200,319,319,134,134
Coolangatta,3.3,-28.29,153.53,2000,2000,186,192,209,221,189,191,234,241,220,226,286,290,112,116,214,216,227,236,93,93,186,186,126,126,308,312,202,204,273,273,245,269,190,200,0,0,134,152
Belmont,1,-32.60,151.16,2000,2000,0,0,209,209,195,215,0,0,220,226,278,288,116,124,212,218,227,227,81,93,186,186,116,126,308,311,198,204,0,0,231,245,198,200,0,0,134,134
Belmont,1,-32.60,151.16,2000,2000,188,190,209,209,189,193,239,242,212,224,286,286,112,112,194,214,227,227,81,81,186,186,116,128,306,328,204,204,261,277,225,243,192,200,0,0,136,154
Belmont,1,-32.60,151.16,2000,2000,188,188,209,209,189,189,245,245,220,224,286,286,124,124,218,218,236,242,93,93,186,190,126,126,323,328,0,0,273,275,237,237,190,200,0,0,144,152
Belmont,1,-32.60,151.16,2000,2000,186,192,209,209,187,189,0,0,220,224,286,288,124,124,212,214,224,227,81,93,0,0,126,128,306,310,202,204,273,279,243,243,192,200,0,0,156,156
Belmont,1,-32.60,151.16,2000,2000,186,186,219,221,189,189,0,0,220,220,282,286,124,124,216,216,224,224,81,93,186,190,116,116,327,335,202,204,261,283,243,243,200,200,0,0,144,152
Belmont,1,-32.60,151.16,2000,2000,188,192,217,217,189,189,234,239,220,220,282,282,124,124,214,216,217,224,93,93,186,190,126,126,306,327,204,204,263,273,239,239,196,200,0,0,152,152
Belmont,1,-32.60,151.16,2000,2000,186,192,0,0,189,195,0,0,220,220,286,286,112,124,216,216,224,242,93,93,0,0,126,128,306,339,202,202,261,273,0,0,200,208,0,0,150,152
Belmont,1,-32.60,151.16,2000,2000,186,188,209,209,189,193,239,242,220,220,286,286,112,124,216,218,224,242,93,93,0,0,126,126,328,339,200,204,261,261,225,225,188,200,0,0,144,144
Belmont,1,-32.60,151.16,2000,2000,0,0,209,209,0,0,0,0,220,222,286,288,124,130,212,214,224,227,93,93,0,0,122,126,308,330,198,204,263,273,225,225,204,206,0,0,134,144
Belmont,1,-32.60,151.16,2000,2000,186,186,209,219,193,195,239,239,220,226,288,288,124,124,208,214,224,227,93,93,180,186,116,130,313,333,206,206,261,261,231,231,198,206,0,0,144,152
Belmont,2,-32.60,151.16,2000,2000,0,0,0,0,187,189,239,241,224,228,288,304,124,124,210,218,0,0,93,93,180,186,116,126,308,321,0,0,0,0,237,237,188,198,0,0,150,152
Belmont,2,-32.60,151.16,2000,2000,186,186,217,217,185,189,236,236,220,220,286,298,112,112,194,222,227,227,93,93,186,190,116,116,306,323,204,204,263,275,235,235,192,200,0,0,134,148
Belmont,2,-32.60,151.16,2000,2000,184,186,209,219,187,189,239,239,220,220,282,290,112,124,216,216,224,227,93,93,186,188,122,126,306,320,202,206,261,261,0,0,198,200,0,0,150,158
Belmont,2,-32.60,151.16,2000,2000,184,184,0,0,185,203,242,244,220,220,286,286,112,120,198,218,227,227,81,91,186,186,116,126,321,333,200,206,271,281,245,263,198,200,0,0,146,152
Belmont,2,-32.60,151.16,2000,2000,220,220,219,219,189,195,239,239,220,220,286,294,122,124,194,214,224,227,91,91,0,0,0,0,310,341,202,204,263,275,251,253,192,196,0,0,134,142
Belmont,2,-32.60,151.16,2000,2000,186,186,211,211,187,189,242,244,222,222,292,308,112,112,214,216,224,224,93,93,0,0,116,126,310,317,202,204,273,275,263,263,198,208,0,0,134,152
Belmont,2,-32.60,151.16,2000,2000,192,192,209,217,189,191,239,239,220,226,286,286,112,124,208,216,224,227,93,93,0,0,0,0,313,321,200,202,261,263,0,0,194,200,0,0,134,134
Belmont,2,-32.60,151.16,2000,2000,186,192,209,209,193,193,285,292,212,226,290,290,112,124,212,214,224,242,0,0,186,186,128,128,323,333,200,204,261,263,251,251,192,206,299,317,144,152
Belmont,2,-32.60,151.16,2000,2000,188,192,209,221,191,191,284,290,220,222,286,286,122,124,214,218,224,224,93,93,186,186,124,124,322,338,204,204,261,275,225,225,194,198,299,299,142,152
Belmont,2,-32.60,151.16,2000,2000,186,188,217,217,189,189,293,293,222,222,286,286,114,126,194,216,224,224,93,95,186,186,122,122,310,327,204,204,273,273,237,237,192,202,0,0,142,142
Picton,2,-34.11,150.34,2000,2000,186,188,217,219,189,189,287,287,220,220,286,286,116,124,208,216,224,227,93,93,186,186,126,126,306,337,204,204,261,277,245,245,200,200,0,0,142,142
Picton,2,-34.11,150.34,2000,2000,186,186,219,219,193,193,244,247,220,220,286,302,112,124,214,218,224,224,79,91,180,186,126,126,308,313,0,0,259,273,237,237,192,194,301,301,158,158
Picton,2,-34.11,150.34,2000,2000,188,192,217,217,189,193,235,244,220,222,288,288,112,124,218,218,224,227,81,91,0,0,116,126,317,339,0,0,263,263,229,229,202,208,299,299,142,142
Picton,2,-34.11,150.34,2000,2000,186,186,209,209,189,189,233,242,220,222,286,286,116,124,0,0,224,224,91,91,180,180,126,126,306,306,0,0,261,273,251,251,192,198,317,317,134,136
Picton,2,-34.11,150.34,2000,2000,182,186,217,217,191,191,241,241,226,226,286,286,124,124,0,0,227,227,81,91,0,0,116,116,0,0,194,194,269,283,253,253,202,206,0,0,0,0
Picton,2,-34.11,150.34,2000,2000,186,186,217,217,203,213,253,253,220,226,288,288,112,124,214,218,224,227,0,0,0,0,116,126,308,331,192,192,261,283,259,259,190,208,0,0,152,158
Picton,2,-34.11,150.34,2000,2000,186,186,209,209,189,193,235,244,220,224,288,288,124,124,210,214,224,242,93,93,186,186,114,126,308,315,196,196,259,273,247,247,192,206,0,0,144,152
Picton,2,-34.11,150.34,2000,2000,182,186,209,209,189,189,237,239,226,228,288,296,112,122,214,214,224,227,87,91,186,186,116,126,308,323,0,0,273,273,229,229,192,200,297,297,134,152
Picton,2,-34.11,150.34,2000,2000,186,188,219,219,191,191,239,245,220,220,282,286,112,124,218,218,224,224,91,91,186,186,116,116,310,315,0,0,273,281,245,263,190,194,299,299,152,158
Picton,2,-34.11,150.34,2000,2000,0,0,0,0,195,195,239,244,214,220,286,290,112,124,212,218,0,0,93,93,172,186,116,116,310,323,0,0,0,0,245,245,192,194,317,321,148,152
Picton,3,-34.11,150.34,2000,2000,188,188,209,221,189,189,241,250,0,0,0,0,122,124,218,220,224,227,93,95,0,0,116,120,0,0,204,204,273,281,0,0,188,196,0,0,144,152
Picton,3,-34.11,150.34,2000,2000,180,186,209,209,189,189,239,239,220,226,278,286,112,116,218,218,0,0,93,93,0,0,116,116,310,312,0,0,0,0,231,233,200,200,299,299,152,152
Picton,3,-34.11,150.34,2000,2000,0,0,221,225,189,189,247,247,220,220,282,286,108,112,224,224,0,0,91,91,0,0,116,120,0,0,0,0,0,0,0,0,192,196,0,0,142,152
Picton,3,-34.11,150.34,2000,2000,184,186,209,219,189,189,244,247,220,226,294,294,112,124,216,218,224,227,93,93,0,0,116,126,312,339,0,0,273,273,245,245,190,190,0,0,152,158
Picton,3,-34.11,150.34,2000,2000,186,186,0,0,189,189,244,244,220,224,286,286,112,124,214,218,0,0,93,93,0,0,126,126,308,308,0,0,0,0,237,245,194,204,0,0,152,154
Picton,3,-34.11,150.34,2000,2000,182,186,217,217,187,187,244,244,220,220,286,286,112,124,214,214,224,242,93,93,0,0,116,126,328,339,200,204,261,275,0,0,192,198,323,323,136,152
Picton,3,-34.11,150.34,2000,2000,180,186,221,221,191,191,241,247,220,220,286,286,112,126,218,220,224,227,93,93,0,0,116,124,308,335,0,0,273,273,237,237,206,208,0,0,150,152
Picton,3,-34.11,150.34,2000,2000,182,186,219,219,187,189,240,244,220,220,286,286,124,124,218,218,224,224,93,93,182,186,126,126,308,319,0,0,261,265,249,249,198,200,317,323,142,142
Picton,3,-34.11,150.34,2000,2000,186,186,219,219,189,195,234,236,220,220,278,290,116,124,214,220,224,224,91,95,0,0,126,126,321,337,204,204,261,273,237,237,192,206,0,0,144,152
Picton,3,-34.11,150.34,2000,2000,186,186,219,221,189,193,240,244,220,226,286,288,112,126,216,218,224,227,81,95,0,0,126,126,310,310,190,196,261,273,231,231,198,208,0,0,142,142
Milton,1,-35.18,150.27,2000,2000,186,186,219,223,0,0,0,0,220,226,288,288,118,124,212,214,0,0,93,93,0,0,116,126,0,0,0,0,0,0,259,259,206,214,0,0,144,152
Milton,1,-35.18,150.27,2000,2000,188,188,209,221,189,189,241,248,212,222,288,288,118,124,214,218,224,224,93,93,186,186,126,128,308,337,202,204,273,275,251,255,196,200,0,0,134,134
Milton,1,-35.18,150.27,2000,2000,186,188,221,221,187,189,233,241,220,226,286,293,122,122,216,218,224,224,95,95,180,186,124,124,323,338,200,204,261,261,247,249,190,200,0,0,150,154
Milton,1,-35.18,150.27,2000,2000,182,186,221,221,189,191,239,243,220,224,286,286,124,124,216,218,224,224,93,93,180,186,126,126,310,344,196,202,275,279,251,251,196,200,299,299,142,152
Milton,1,-35.18,150.27,2000,2000,186,186,209,217,189,189,239,246,220,226,284,302,124,124,216,218,224,227,93,93,180,186,126,126,307,337,202,202,261,273,245,245,196,196,317,317,152,158
Milton,1,-35.18,150.27,2000,2000,188,188,209,209,189,189,239,243,220,226,286,286,112,124,214,218,224,224,93,93,186,186,126,126,310,340,202,204,261,283,247,247,194,194,0,0,142,152
Milton,1,-35.18,150.27,2000,2000,188,188,217,217,0,0,0,0,220,226,286,286,112,118,192,196,224,224,93,93,0,0,126,126,0,0,0,0,263,263,0,0,0,0,0,0,142,142
Milton,1,-35.18,150.27,2000,2000,182,192,217,221,189,193,236,236,220,224,286,286,112,124,208,216,224,227,93,93,186,186,126,126,310,310,204,204,259,263,227,227,194,200,299,299,152,152
Milton,1,-35.18,150.27,2000,2000,0,0,0,0,0,0,0,0,0,0,0,0,124,124,0,0,0,0,0,0,0,0,0,0,0,0,0,0,0,0,0,0,0,0,0,0,132,142
Milton,1,-35.18,150.27,2000,2000,186,186,221,221,187,187,242,242,220,226,286,290,122,122,218,218,227,227,93,93,180,180,126,126,322,333,204,206,273,283,257,275,198,200,0,0,152,154
Milton,1,-35.18,150.27,2000,2000,182,186,197,221,189,191,238,243,220,224,286,288,122,124,216,218,224,224,93,93,180,186,126,128,310,344,0,0,275,279,249,251,196,200,299,299,142,152
Termeil,1,-35.3,150.13,2000,2000,188,192,209,217,189,189,239,239,220,224,288,288,116,118,218,220,224,227,93,93,186,186,126,126,322,338,200,202,261,261,249,249,194,206,0,0,142,152
Termeil,1,-35.3,150.13,2000,2000,186,186,209,219,189,193,233,233,220,220,286,286,116,116,216,220,227,227,93,93,180,186,120,124,310,310,200,204,261,273,247,247,190,194,0,0,142,144
Termeil,1,-35.3,150.13,2000,2000,186,192,209,209,189,193,242,242,220,226,288,302,124,124,218,220,224,242,93,93,180,180,120,126,319,319,204,204,271,273,245,249,188,188,0,0,142,150
Termeil,1,-35.3,150.13,2000,2000,186,190,217,221,189,189,239,242,220,224,278,296,124,124,218,218,224,227,93,93,186,186,126,126,310,343,204,204,271,273,237,237,188,198,299,299,144,152
Termeil,1,-35.3,150.13,2000,2000,186,186,209,209,185,189,254,254,220,224,286,288,122,124,194,218,224,242,93,95,180,186,116,126,306,321,204,204,283,283,247,247,200,202,0,0,152,152
Termeil,1,-35.3,150.13,2000,2000,192,192,0,0,185,189,242,242,220,228,286,293,112,124,208,212,224,224,93,93,186,186,116,126,334,334,204,204,265,265,231,231,190,200,0,0,152,152
Termeil,1,-35.3,150.13,2000,2000,186,190,221,221,189,189,239,241,220,224,286,286,116,116,194,218,224,224,93,93,186,186,120,126,306,330,204,204,261,275,245,263,196,208,0,0,134,154
Termeil,1,-35.3,150.13,2000,2000,186,188,209,219,187,189,241,241,220,220,286,302,124,126,218,218,224,224,93,93,186,186,116,116,306,327,204,204,271,273,247,263,188,194,303,303,142,148
Termeil,1,-35.3,150.13,2000,2000,186,188,209,209,193,193,241,241,220,224,286,286,124,124,214,218,224,227,93,93,186,186,116,126,308,343,204,204,259,261,225,245,196,206,0,0,142,144
Termeil,1,-35.3,150.13,2000,2000,188,188,217,217,189,189,236,245,220,220,282,286,112,124,214,216,227,227,93,93,186,186,116,126,315,322,204,204,263,273,245,245,196,200,0,0,142,152
Termeil,2,-35.3,150.13,2000,2000,186,188,209,209,189,189,233,233,220,220,286,286,112,124,194,216,224,227,89,89,186,186,124,126,306,321,200,204,265,273,231,231,188,192,0,0,152,152
Termeil,2,-35.3,150.13,2000,2000,186,188,217,221,187,191,239,244,220,220,286,286,116,124,212,214,224,227,81,93,180,180,116,122,327,339,200,206,261,273,247,247,194,198,0,0,142,152
Termeil,2,-35.3,150.13,2000,2000,182,186,209,221,185,189,236,242,224,228,286,286,112,124,214,216,227,227,93,93,186,186,116,124,309,309,204,204,263,277,231,231,190,206,0,0,144,152
Termeil,2,-35.3,150.13,2000,2000,186,186,209,209,189,189,239,241,220,222,282,286,124,124,194,194,224,227,93,93,186,186,126,126,308,312,204,204,263,273,245,245,192,200,0,0,134,134
Termeil,2,-35.3,150.13,2000,2000,186,188,209,219,189,193,239,244,220,220,286,286,124,124,218,218,224,227,93,93,186,186,110,126,307,332,202,204,269,283,225,231,200,200,0,0,142,144
Termeil,2,-35.3,150.13,2000,2000,186,186,209,209,187,189,242,245,220,220,282,290,116,118,214,218,224,227,91,95,180,186,116,126,323,337,0,0,271,275,225,251,192,206,0,0,142,154
Melbourne,1,-37.48,145.27,2000,2000,186,186,209,209,189,189,241,247,220,220,282,286,116,122,226,230,224,224,93,93,180,186,114,124,310,315,204,206,273,273,247,247,196,200,0,0,152,154
Melbourne,1,-37.48,145.27,2000,2000,186,188,209,209,189,189,229,238,220,228,286,286,112,124,216,218,224,224,91,91,186,186,114,126,315,323,204,204,261,261,245,245,192,196,299,299,142,152
Melbourne,1,-37.48,145.27,2000,2000,186,186,209,209,189,189,244,244,220,220,286,286,108,112,198,214,224,224,93,93,0,0,116,126,319,339,204,204,261,273,231,253,194,200,0,0,152,152
Melbourne,1,-37.48,145.27,2000,2000,186,186,209,219,189,191,238,242,220,220,290,290,112,116,212,216,224,224,93,93,186,186,126,126,329,329,202,204,273,283,243,249,196,196,0,0,134,142
Melbourne,1,-37.48,145.27,2000,2000,186,188,219,221,189,191,239,245,220,224,288,288,122,124,208,218,224,224,93,93,186,186,116,126,310,339,204,204,263,283,0,0,196,202,0,0,134,142
Melbourne,1,-37.48,145.27,2000,2000,186,188,209,217,189,215,236,239,222,224,286,286,124,124,214,218,227,227,93,95,180,186,116,124,308,315,200,204,273,273,225,251,188,200,299,299,150,152
Melbourne,1,-37.48,145.27,2000,2000,186,186,209,209,0,0,0,0,0,0,0,0,112,124,212,218,224,227,0,0,0,0,116,126,311,311,204,204,265,273,0,0,0,0,0,0,152,158
Melbourne,1,-37.48,145.27,2000,2000,186,188,209,209,189,189,0,0,226,226,286,286,120,122,194,214,224,224,93,93,186,186,0,0,308,329,204,204,261,285,225,225,192,200,299,299,134,134
Melbourne,1,-37.48,145.27,2000,2000,182,186,209,209,189,189,241,241,220,226,286,286,116,124,194,216,224,224,93,93,0,0,0,0,308,328,204,204,275,283,0,0,192,200,299,299,134,142
Melbourne,1,-37.48,145.27,2000,2000,186,190,209,209,189,191,244,244,220,220,286,288,112,124,214,220,224,224,93,93,180,180,114,126,308,345,202,204,261,273,225,249,188,200,299,299,152,158
Melbourne,2,-37.48,145.27,2000,2000,186,188,199,219,189,189,233,242,224,226,286,294,116,118,212,216,227,227,93,93,0,0,126,126,310,333,200,204,277,283,249,249,194,196,0,0,142,152
Melbourne,2,-37.48,145.27,2000,2000,182,186,197,209,189,193,235,241,220,220,282,288,118,124,218,218,227,242,93,93,180,186,120,126,313,333,204,204,283,283,249,249,198,200,0,0,142,152
Melbourne,2,-37.48,145.27,2000,2000,186,190,197,221,191,193,245,248,220,220,286,286,124,124,194,214,224,227,93,93,186,186,116,124,306,312,204,204,271,277,245,245,192,196,0,0,142,142
Melbourne,2,-37.48,145.27,2000,2000,182,188,209,221,193,193,242,242,220,220,286,290,112,124,218,218,224,224,93,93,0,0,116,116,317,319,204,204,261,261,247,247,196,198,0,0,142,142
Melbourne,2,-37.48,145.27,2000,2000,184,188,217,219,189,193,245,248,220,220,288,288,108,116,194,218,224,227,93,95,186,186,116,120,333,338,204,204,273,285,0,0,194,198,289,289,150,150
Melbourne,2,-37.48,145.27,2000,2000,186,186,217,221,185,189,242,244,220,224,286,302,124,124,194,218,227,227,93,93,0,0,120,126,308,328,202,206,263,283,249,249,192,194,299,299,134,142
Melbourne,2,-37.48,145.27,2000,2000,186,186,0,0,185,189,244,244,220,224,288,290,112,120,0,0,0,0,93,93,186,186,126,128,308,328,208,214,261,273,251,251,194,198,0,0,134,142
Melbourne,2,-37.48,145.27,2000,2000,182,186,209,209,189,189,239,239,220,224,286,286,124,130,212,218,224,227,93,93,180,186,126,126,320,335,204,204,283,283,249,249,190,198,0,0,152,154
Melbourne,2,-37.48,145.27,2000,2000,186,188,217,217,185,189,242,242,220,220,296,302,116,116,212,214,224,224,93,93,186,186,126,128,333,333,204,204,273,277,247,247,188,196,299,299,134,152
Melbourne,2,-37.48,145.27,2000,2000,186,188,209,209,189,193,242,242,220,224,286,286,112,124,216,218,224,227,91,95,180,186,126,126,308,335,204,204,261,261,225,225,194,202,299,299,152,156
Melbourne,3,-37.48,145.27,2000,2000,186,190,217,217,189,191,245,254,220,220,286,288,112,124,208,216,224,224,93,93,180,180,116,116,320,347,204,204,257,273,245,275,202,208,299,299,152,152
Melbourne,3,-37.48,145.27,2000,2000,186,186,221,221,185,189,233,233,220,220,286,286,124,126,212,214,224,227,93,95,186,186,120,128,310,312,204,204,265,273,251,251,192,194,0,0,142,152
Melbourne,3,-37.48,145.27,2000,2000,188,190,221,221,189,189,235,245,220,220,286,286,124,124,210,214,224,227,81,91,180,186,116,126,307,320,204,204,273,275,247,247,188,198,317,317,142,144
Melbourne,3,-37.48,145.27,2000,2000,184,184,209,221,187,215,238,244,220,220,286,288,112,124,214,216,224,242,93,93,180,186,120,126,325,337,200,206,265,273,241,241,192,196,0,0,142,154
Melbourne,3,-37.48,145.27,2000,2000,186,188,217,217,189,189,235,239,226,226,286,294,108,122,212,218,227,227,81,93,180,186,114,126,328,328,200,204,273,275,269,269,198,202,0,0,142,144
Melbourne,3,-37.48,145.27,2000,2000,186,186,209,209,189,193,238,241,220,224,0,0,124,124,216,218,224,227,93,93,186,186,116,126,317,328,204,204,273,283,0,0,188,196,317,327,142,142
Melbourne,3,-37.48,145.27,2000,2000,188,188,209,209,193,193,238,242,220,220,0,0,124,124,214,216,224,242,93,93,186,186,126,126,306,310,202,204,271,273,247,247,198,202,299,323,142,158
Melbourne,3,-37.48,145.27,2000,2000,184,186,221,221,189,191,237,239,220,220,0,0,108,124,208,216,224,227,93,93,180,186,120,120,307,313,202,204,263,277,249,269,198,210,299,317,142,142
Melbourne,3,-37.48,145.27,2000,2000,186,186,209,217,189,191,239,239,220,226,0,0,108,118,212,214,224,227,93,93,186,186,124,126,310,310,0,0,263,273,0,0,194,198,323,323,142,150
Melbourne,3,-37.48,145.27,2000,2000,186,186,217,217,189,189,238,242,220,220,0,0,118,124,208,218,224,227,93,93,186,186,116,124,310,328,202,204,269,283,239,247,188,190,0,0,142,152
Melbourne,3,-37.48,145.27,2000,2000,186,188,197,217,189,189,236,239,226,226,286,294,108,124,212,218,227,227,81,93,180,186,116,128,328,328,0,0,273,275,265,267,198,202,323,323,142,144
Tasmania,1,-43.04,147.04,2000,2000,188,192,207,221,189,193,239,245,220,222,286,286,112,116,212,214,224,227,93,93,186,186,126,126,329,350,204,204,261,273,245,249,198,204,0,0,142,152
Tasmania,1,-43.04,147.04,2000,2000,186,188,209,209,189,189,239,242,220,226,286,286,124,126,212,212,224,242,93,93,180,186,126,126,310,350,202,204,283,283,245,245,194,196,0,0,142,160
Tasmania,1,-43.04,147.04,2000,2000,184,186,209,209,189,189,237,245,220,226,286,286,120,124,216,216,224,227,93,93,180,186,126,126,319,343,0,0,283,283,247,249,194,194,0,0,142,142
Tasmania,1,-43.04,147.04,2000,2000,0,0,0,0,0,0,0,0,0,0,0,0,108,120,0,0,0,0,81,93,0,0,0,0,0,0,0,0,0,0,0,0,0,0,0,0,0,0
Tasmania,1,-43.04,147.04,2000,2000,0,0,205,207,189,189,234,237,236,236,298,298,0,0,0,0,242,242,93,93,0,0,0,0,0,0,0,0,289,289,245,249,206,210,0,0,0,0
Tasmania,1,-43.04,147.04,2000,2000,188,190,219,221,189,193,234,245,220,222,280,286,112,124,208,216,224,227,93,93,0,0,120,126,306,329,0,0,261,283,245,245,192,208,0,0,134,140
Tasmania,1,-43.04,147.04,2000,2000,186,188,209,221,189,191,240,245,220,226,288,288,124,126,214,218,224,227,93,93,172,186,126,126,319,335,204,204,261,263,225,225,188,196,0,0,142,152
Tasmania,1,-43.04,147.04,2000,2000,188,190,217,221,191,193,240,240,220,220,286,286,124,124,212,216,224,227,93,93,172,186,120,126,328,343,202,204,263,271,247,249,196,206,299,319,142,142
Tasmania,1,-43.04,147.04,2000,2000,186,186,209,217,189,193,243,245,222,224,286,286,112,124,212,218,224,224,93,93,180,186,116,126,309,321,204,204,261,265,247,269,196,196,299,299,142,144
Tasmania,1,-43.04,147.04,2000,2000,190,190,209,219,189,189,234,240,220,220,280,292,124,124,208,208,224,224,93,93,0,0,120,120,310,310,204,204,273,283,249,255,188,206,317,317,146,152
Tasmania,2,-43.04,147.04,2000,2000,186,186,209,217,189,189,240,243,224,226,286,286,120,124,194,220,224,227,93,93,0,0,126,126,306,328,204,204,263,271,0,0,192,198,317,317,134,152
Tasmania,2,-43.04,147.04,2000,2000,186,188,209,209,189,189,241,241,220,222,286,286,124,126,218,218,0,0,93,93,0,0,126,126,325,339,0,0,261,273,237,245,194,194,299,299,142,152
Tasmania,2,-43.04,147.04,2000,2000,186,186,209,217,0,0,0,0,220,224,286,286,124,124,194,218,224,227,0,0,0,0,126,126,306,325,0,0,261,263,0,0,192,198,299,317,134,152
Tasmania,2,-43.04,147.04,2000,2000,182,184,219,219,189,189,240,240,220,222,286,292,124,124,216,218,224,224,93,93,172,186,120,126,308,322,0,0,267,283,247,247,194,196,317,317,142,152
Tasmania,2,-43.04,147.04,2000,2000,188,188,0,0,189,193,241,241,220,224,286,292,124,126,208,212,227,227,93,93,0,0,126,126,308,341,202,204,271,273,237,249,206,206,299,317,142,152
Tasmania,2,-43.04,147.04,2000,2000,186,186,209,219,189,191,241,241,220,220,286,292,112,124,218,218,227,227,93,93,186,186,124,124,328,339,200,202,261,273,243,247,194,208,301,317,140,142
Tasmania,2,-43.04,147.04,2000,2000,188,188,209,209,0,0,0,0,220,224,288,290,124,124,194,212,224,224,0,0,0,0,126,126,306,325,204,204,263,263,0,0,194,200,317,317,142,142
Tasmania,2,-43.04,147.04,2000,2000,184,186,219,221,0,0,0,0,226,226,286,288,112,124,214,214,224,224,93,93,0,0,124,126,331,331,204,204,261,273,0,0,196,206,317,323,140,142
Tasmania,2,-43.04,147.04,2000,2000,184,190,209,221,189,191,239,242,224,226,286,286,124,126,218,218,227,227,93,93,0,0,126,126,308,325,0,0,273,283,245,249,194,194,299,299,146,160
Tasmania,2,-43.04,147.04,2000,2000,186,188,209,217,193,193,239,245,220,226,286,286,120,124,194,216,224,224,93,93,0,0,126,126,306,319,0,0,261,275,249,249,192,208,0,0,134,152
Huonville,1,-43.09,147.04,2000,2000,0,0,209,209,189,193,239,242,224,226,286,286,112,124,214,216,227,227,93,93,172,186,112,124,308,322,202,204,283,283,245,249,0,0,0,0,140,146
Huonville,1,-43.09,147.04,2000,2000,186,186,209,209,189,195,234,245,220,226,288,290,124,124,216,216,227,242,93,93,180,186,126,126,308,322,202,204,271,277,237,249,194,194,0,0,142,142
Huonville,1,-43.09,147.04,2000,2000,186,186,207,207,189,189,239,239,224,226,286,286,124,124,214,220,224,224,93,93,180,186,126,126,320,330,200,204,261,273,245,247,194,198,0,0,142,152
Huonville,1,-43.09,147.04,2000,2000,186,188,209,209,189,189,241,241,220,224,288,288,124,124,216,218,224,224,91,91,180,186,126,126,310,317,200,202,263,273,245,245,202,204,0,0,140,152
Huonville,1,-43.09,147.04,2000,2000,186,188,209,219,189,193,240,243,220,220,286,286,112,124,214,216,224,224,93,93,180,186,126,126,325,339,200,204,261,283,241,245,196,204,0,0,142,142
Huonville,1,-43.09,147.04,2000,2000,188,190,217,219,189,193,237,237,224,226,286,292,124,124,210,216,224,224,93,93,186,186,126,126,319,325,204,204,273,283,241,247,194,208,0,0,142,142
Huonville,1,-43.09,147.04,2000,2000,188,190,209,219,191,193,246,246,220,224,286,286,112,126,218,218,224,224,91,91,0,0,126,126,329,335,200,204,271,273,249,269,196,206,0,0,142,142
Huonville,1,-43.09,147.04,2000,2000,184,186,209,209,189,189,234,245,220,226,286,286,112,124,216,218,227,227,93,93,186,186,126,126,319,330,198,202,263,283,249,249,194,208,0,0,142,144
Huonville,1,-43.09,147.04,2000,2000,184,188,209,209,0,0,0,0,220,220,286,286,0,0,220,226,224,227,0,0,0,0,0,0,316,316,0,0,273,273,0,0,194,208,0,0,0,0
Huonville,1,-43.09,147.04,2000,2000,186,190,209,221,189,189,241,241,220,220,290,290,124,126,218,218,224,227,91,91,0,0,120,120,329,340,0,0,263,277,249,269,194,204,0,0,142,142
Huonville,1,-43.09,147.04,2000,2000,180,188,197,207,189,191,234,242,224,226,286,286,124,124,216,216,227,227,93,93,180,180,120,120,308,319,198,200,261,263,245,245,196,196,0,0,142,152
Huonville,1,-43.09,147.04,2000,2000,186,188,207,217,189,193,234,241,224,224,286,290,124,124,220,220,227,242,93,93,180,186,126,126,306,325,204,204,263,277,249,249,188,194,0,0,140,152
Huonville,1,-43.09,147.04,2000,2000,186,188,209,219,189,193,239,242,222,226,290,290,112,124,216,220,227,227,93,93,186,186,126,126,325,329,200,204,261,263,247,249,188,194,0,0,140,140
Huonville,1,-43.09,147.04,2000,2000,186,192,197,219,193,193,240,240,220,220,286,286,112,126,212,216,224,224,93,93,180,186,120,126,329,342,0,0,263,283,225,245,196,206,0,0,150,152
Huonville,1,-43.09,147.04,2000,2000,186,190,219,221,189,193,239,239,220,224,286,286,124,126,214,216,224,224,91,91,186,186,120,126,335,339,204,204,273,275,249,249,196,204,0,0,142,154
Huonville,1,-43.09,147.04,2000,2000,182,188,209,209,191,193,241,241,224,226,286,286,124,124,216,218,224,224,93,93,186,186,126,126,309,321,0,0,273,273,269,269,194,194,0,0,152,152
Huonville,1,-43.09,147.04,2000,2000,188,188,209,217,189,193,241,241,222,224,286,286,124,124,194,194,224,224,93,93,180,186,124,126,306,306,204,204,263,263,225,249,192,192,0,0,134,134
Huonville,1,-43.09,147.04,2000,2000,188,190,209,221,189,189,240,240,224,224,288,288,124,126,214,216,224,224,93,93,180,180,126,126,329,339,0,0,261,283,245,245,188,194,0,0,146,152
Huonville,1,-43.09,147.04,2000,2000,184,188,207,221,189,193,240,240,224,226,286,290,112,124,216,218,224,242,93,93,172,180,116,116,329,329,0,0,261,283,245,257,194,208,0,0,140,152
Huonville,1,-43.09,147.04,2000,2000,184,188,207,217,189,189,238,238,220,220,286,286,116,124,216,218,224,227,91,91,186,186,126,126,308,327,204,204,261,283,225,227,190,198,0,0,142,152
