Population,Latitude,Longitude,Year_start,Year_end,Block,Line,Replicate,Sex,Cold_recovery_time
Maryborough,-25.545,152.69,2004,2004,1,1,1,female,34.833
Maryborough,-25.545,152.69,2004,2004,1,1,2,female,87.533
Maryborough,-25.545,152.69,2004,2004,1,2,1,female,69.000
Maryborough,-25.545,152.69,2004,2004,1,2,2,female,95.917
Maryborough,-25.545,152.69,2004,2004,1,3,3,female,64.233
Maryborough,-25.545,152.69,2004,2004,1,3,2,female,98.383
Maryborough,-25.545,152.69,2004,2004,1,5,3,female,77.133
Maryborough,-25.545,152.69,2004,2004,1,6,2,female,36.833
Maryborough,-25.545,152.69,2004,2004,1,6,1,female,58.067
Maryborough,-25.545,152.69,2004,2004,1,7,3,female,67.633
Maryborough,-25.545,152.69,2004,2004,1,7,2,female,78.383
Maryborough,-25.545,152.69,2004,2004,1,9,1,female,45.233
Maryborough,-25.545,152.69,2004,2004,1,9,1,female,57.633
Maryborough,-25.545,152.69,2004,2004,1,10,2,female,12.233
Maryborough,-25.545,152.69,2004,2004,1,10,3,female,72.150
Maryborough,-25.545,152.69,2004,2004,1,11,2,female,69.000
Maryborough,-25.545,152.69,2004,2004,1,11,3,female,75.317
Maryborough,-25.545,152.69,2004,2004,1,12,1,female,78.300
Maryborough,-25.545,152.69,2004,2004,1,12,3,female,86.000
Maryborough,-25.545,152.69,2004,2004,1,14,1,female,25.633
Maryborough,-25.545,152.69,2004,2004,1,14,2,female,25.633
Maryborough,-25.545,152.69,2004,2004,1,16,2,female,17.633
Maryborough,-25.545,152.69,2004,2004,1,16,3,female,65.633
Maryborough,-25.545,152.69,2004,2004,1,17,2,female,72.183
Maryborough,-25.545,152.69,2004,2004,1,17,1,female,74.500
Maryborough,-25.545,152.69,2004,2004,1,19,2,female,23.217
Maryborough,-25.545,152.69,2004,2004,1,19,3,female,88.667
Maryborough,-25.545,152.69,2004,2004,1,20,3,female,48.417
Maryborough,-25.545,152.69,2004,2004,1,20,2,female,60.567
Maryborough,-25.545,152.69,2004,2004,1,22,3,female,31.900
Maryborough,-25.545,152.69,2004,2004,1,22,1,female,36.533
Maryborough,-25.545,152.69,2004,2004,1,23,2,female,73.567
Maryborough,-25.545,152.69,2004,2004,1,23,1,female,76.767
Maryborough,-25.545,152.69,2004,2004,1,26,2,female,56.183
Maryborough,-25.545,152.69,2004,2004,1,26,1,female,64.983
Maryborough,-25.545,152.69,2004,2004,1,27,2,female,64.417
Maryborough,-25.545,152.69,2004,2004,1,27,1,female,135.700
Maryborough,-25.545,152.69,2004,2004,1,28,1,female,65.900
Maryborough,-25.545,152.69,2004,2004,1,28,2,female,72.517
Maryborough,-25.545,152.69,2004,2004,1,29,1,female,68.450
Maryborough,-25.545,152.69,2004,2004,1,29,2,female,74.867
Maryborough,-25.545,152.69,2004,2004,2,1,2,female,56.683
Maryborough,-25.545,152.69,2004,2004,2,1,3,female,61.917
Maryborough,-25.545,152.69,2004,2004,2,2,3,female,44.750
Maryborough,-25.545,152.69,2004,2004,2,2,1,female,61.083
Maryborough,-25.545,152.69,2004,2004,2,3,2,female,63.417
Maryborough,-25.545,152.69,2004,2004,2,5,1,female,66.000
Maryborough,-25.545,152.69,2004,2004,2,5,2,female,89.633
Maryborough,-25.545,152.69,2004,2004,2,6,2,female,53.667
Maryborough,-25.545,152.69,2004,2004,2,6,1,female,66.417
Maryborough,-25.545,152.69,2004,2004,2,7,3,female,72.483
Maryborough,-25.545,152.69,2004,2004,2,9,1,female,42.250
Maryborough,-25.545,152.69,2004,2004,2,9,2,female,47.450
Maryborough,-25.545,152.69,2004,2004,2,10,1,female,59.083
Maryborough,-25.545,152.69,2004,2004,2,11,1,female,43.150
Maryborough,-25.545,152.69,2004,2004,2,11,3,female,60.833
Maryborough,-25.545,152.69,2004,2004,2,12,3,female,59.417
Maryborough,-25.545,152.69,2004,2004,2,12,2,female,72.900
Maryborough,-25.545,152.69,2004,2004,2,14,3,female,49.750
Maryborough,-25.545,152.69,2004,2004,2,14,3,female,52.800
Maryborough,-25.545,152.69,2004,2004,2,14,1,female,64.650
Maryborough,-25.545,152.69,2004,2004,2,16,1,female,47.450
Maryborough,-25.545,152.69,2004,2004,2,16,3,female,56.683
Maryborough,-25.545,152.69,2004,2004,2,17,3,female,45.817
Maryborough,-25.545,152.69,2004,2004,2,17,2,female,54.550
Maryborough,-25.545,152.69,2004,2004,2,19,3,female,62.417
Maryborough,-25.545,152.69,2004,2004,2,19,3,female,70.967
Maryborough,-25.545,152.69,2004,2004,2,20,3,female,60.233
Maryborough,-25.545,152.69,2004,2004,2,20,1,female,65.567
Maryborough,-25.545,152.69,2004,2004,2,22,2,female,61.350
Maryborough,-25.545,152.69,2004,2004,2,22,3,female,70.750
Maryborough,-25.545,152.69,2004,2004,2,23,2,female,82.750
Maryborough,-25.545,152.69,2004,2004,2,26,2,female,49.750
Maryborough,-25.545,152.69,2004,2004,2,27,2,female,53.833
Maryborough,-25.545,152.69,2004,2004,2,27,3,female,54.150
Maryborough,-25.545,152.69,2004,2004,2,28,2,female,46.033
Maryborough,-25.545,152.69,2004,2004,2,28,1,female,55.967
Maryborough,-25.545,152.69,2004,2004,2,29,3,female,5.817
Maryborough,-25.545,152.69,2004,2004,2,29,2,female,32.283
Maryborough,-25.545,152.69,2004,2004,1,2,3,male,32.50
Maryborough,-25.545,152.69,2004,2004,1,3,4,male,53.55
Maryborough,-25.545,152.69,2004,2004,1,3,3,male,109.14
Maryborough,-25.545,152.69,2004,2004,1,4,4,male,46.17
Maryborough,-25.545,152.69,2004,2004,1,4,3,male,61.24
Maryborough,-25.545,152.69,2004,2004,1,5,3,male,62.05
Maryborough,-25.545,152.69,2004,2004,1,5,4,male,65.57
Maryborough,-25.545,152.69,2004,2004,1,7,4,male,24.31
Maryborough,-25.545,152.69,2004,2004,1,7,3,male,50.15
Maryborough,-25.545,152.69,2004,2004,1,9,3,male,70.30
Maryborough,-25.545,152.69,2004,2004,1,10,3,male,43.10
Maryborough,-25.545,152.69,2004,2004,1,12,3,male,84.28
Maryborough,-25.545,152.69,2004,2004,1,14,4,male,46.19
Maryborough,-25.545,152.69,2004,2004,1,14,3,male,52.40
Maryborough,-25.545,152.69,2004,2004,1,16,3,male,51.39
Maryborough,-25.545,152.69,2004,2004,1,18,3,male,56.15
Maryborough,-25.545,152.69,2004,2004,1,18,3,male,63.44
Maryborough,-25.545,152.69,2004,2004,1,18,4,male,87.30
Maryborough,-25.545,152.69,2004,2004,1,20,3,male,33.31
Maryborough,-25.545,152.69,2004,2004,1,20,4,male,36.59
Maryborough,-25.545,152.69,2004,2004,1,20,4,male,59.10
Maryborough,-25.545,152.69,2004,2004,1,22,4,male,45.29
Maryborough,-25.545,152.69,2004,2004,1,22,3,male,76.21
Maryborough,-25.545,152.69,2004,2004,1,23,4,male,43.10
Maryborough,-25.545,152.69,2004,2004,1,23,4,male,56.45
Maryborough,-25.545,152.69,2004,2004,1,23,3,male,60.30
Maryborough,-25.545,152.69,2004,2004,1,26,3,male,33.50
Maryborough,-25.545,152.69,2004,2004,1,27,3,male,59.26
Maryborough,-25.545,152.69,2004,2004,1,28,3,male,30.00
Maryborough,-25.545,152.69,2004,2004,1,29,4,male,62.40
Maryborough,-25.545,152.69,2004,2004,1,29,3,male,66.13
Maryborough,-25.545,152.69,2004,2004,2,1,3,male,22.50
Maryborough,-25.545,152.69,2004,2004,2,2,4,male,53.52
Maryborough,-25.545,152.69,2004,2004,2,2,3,male,66.38
Maryborough,-25.545,152.69,2004,2004,2,3,3,male,59.45
Maryborough,-25.545,152.69,2004,2004,2,4,3,male,52.16
Maryborough,-25.545,152.69,2004,2004,2,5,3,male,55.02
Maryborough,-25.545,152.69,2004,2004,2,7,3,male,63.30
Maryborough,-25.545,152.69,2004,2004,2,9,3,male,49.24
Maryborough,-25.545,152.69,2004,2004,2,10,3,male,86.40
Maryborough,-25.545,152.69,2004,2004,2,11,4,male,44.01
Maryborough,-25.545,152.69,2004,2004,2,11,3,male,85.18
Maryborough,-25.545,152.69,2004,2004,2,12,3,male,44.40
Maryborough,-25.545,152.69,2004,2004,2,12,4,male,44.58
Maryborough,-25.545,152.69,2004,2004,2,12,4,male,50.36
Maryborough,-25.545,152.69,2004,2004,2,14,3,male,45.38
Maryborough,-25.545,152.69,2004,2004,2,16,3,male,35.56
Maryborough,-25.545,152.69,2004,2004,2,16,4,male,37.23
Maryborough,-25.545,152.69,2004,2004,2,17,3,male,56.23
Maryborough,-25.545,152.69,2004,2004,2,20,3,male,41.30
Maryborough,-25.545,152.69,2004,2004,2,22,3,male,79.38
Maryborough,-25.545,152.69,2004,2004,2,23,3,male,54.57
Maryborough,-25.545,152.69,2004,2004,2,26,3,male,27.32
Maryborough,-25.545,152.69,2004,2004,2,26,4,male,68.55
Maryborough,-25.545,152.69,2004,2004,2,27,4,male,41.03
Maryborough,-25.545,152.69,2004,2004,2,27,3,male,41.29
Maryborough,-25.545,152.69,2004,2004,2,28,3,male,48.43
Maryborough,-25.545,152.69,2004,2004,2,28,4,male,74.24
Maryborough,-25.545,152.69,2004,2004,2,29,3,male,55.43
Maryborough,-25.545,152.69,2004,2004,2,29,4,male,62.29
Maryborough,-25.545,152.69,2004,2004,3,1,3,male,39.49
Maryborough,-25.545,152.69,2004,2004,3,1,4,male,54.45
Maryborough,-25.545,152.69,2004,2004,3,2,4,male,52.48
Maryborough,-25.545,152.69,2004,2004,3,3,4,male,57.32
Maryborough,-25.545,152.69,2004,2004,3,5,4,male,65.44
Maryborough,-25.545,152.69,2004,2004,3,7,4,male,26.21
Maryborough,-25.545,152.69,2004,2004,3,9,4,male,26.32
Maryborough,-25.545,152.69,2004,2004,3,9,4,male,54.37
Maryborough,-25.545,152.69,2004,2004,3,10,4,male,61.56
Maryborough,-25.545,152.69,2004,2004,3,11,3,male,44.59
Maryborough,-25.545,152.69,2004,2004,3,14,4,male,64.08
Maryborough,-25.545,152.69,2004,2004,3,16,4,male,25.34
Maryborough,-25.545,152.69,2004,2004,3,17,3,male,40.45
Maryborough,-25.545,152.69,2004,2004,3,17,4,male,48.01
Maryborough,-25.545,152.69,2004,2004,3,22,4,male,98.41
Maryborough,-25.545,152.69,2004,2004,3,24,4,male,62.18
Maryborough,-25.545,152.69,2004,2004,3,26,4,male,53.30
Maryborough,-25.545,152.69,2004,2004,3,27,4,male,72.46
Brisbane,-27.611,153.30,2004,2004,1,1,3,female,52.617
Brisbane,-27.611,153.30,2004,2004,1,1,1,female,62.800
Brisbane,-27.611,153.30,2004,2004,1,2,1,female,70.883
Brisbane,-27.611,153.30,2004,2004,1,2,2,female,79.867
Brisbane,-27.611,153.30,2004,2004,1,3,1,female,61.033
Brisbane,-27.611,153.30,2004,2004,1,3,3,female,84.183
Brisbane,-27.611,153.30,2004,2004,1,4,3,female,37.500
Brisbane,-27.611,153.30,2004,2004,1,4,1,female,41.067
Brisbane,-27.611,153.30,2004,2004,1,4,2,female,91.417
Brisbane,-27.611,153.30,2004,2004,1,7,3,female,83.717
Brisbane,-27.611,153.30,2004,2004,1,7,1,female,83.867
Brisbane,-27.611,153.30,2004,2004,1,8,2,female,51.217
Brisbane,-27.611,153.30,2004,2004,1,8,1,female,73.567
Brisbane,-27.611,153.30,2004,2004,1,9,3,female,57.833
Brisbane,-27.611,153.30,2004,2004,1,9,1,female,90.833
Brisbane,-27.611,153.30,2004,2004,1,10,3,female,52.950
Brisbane,-27.611,153.30,2004,2004,1,10,2,female,64.850
Brisbane,-27.611,153.30,2004,2004,1,12,3,female,62.817
Brisbane,-27.611,153.30,2004,2004,1,12,2,female,72.733
Brisbane,-27.611,153.30,2004,2004,1,13,3,female,69.583
Brisbane,-27.611,153.30,2004,2004,1,13,1,female,81.867
Brisbane,-27.611,153.30,2004,2004,2,1,3,female,39.667
Brisbane,-27.611,153.30,2004,2004,2,1,3,female,59.383
Brisbane,-27.611,153.30,2004,2004,2,2,1,female,47.783
Brisbane,-27.611,153.30,2004,2004,2,3,3,female,49.433
Brisbane,-27.611,153.30,2004,2004,2,3,2,female,63.950
Brisbane,-27.611,153.30,2004,2004,2,7,1,female,62.550
Brisbane,-27.611,153.30,2004,2004,2,7,3,female,81.133
Brisbane,-27.611,153.30,2004,2004,2,8,2,female,49.750
Brisbane,-27.611,153.30,2004,2004,2,9,1,female,65.667
Brisbane,-27.611,153.30,2004,2004,2,9,3,female,91.267
Brisbane,-27.611,153.30,2004,2004,2,10,2,female,44.033
Brisbane,-27.611,153.30,2004,2004,2,10,1,female,60.000
Brisbane,-27.611,153.30,2004,2004,2,11,2,female,50.333
Brisbane,-27.611,153.30,2004,2004,2,11,2,female,68.283
Brisbane,-27.611,153.30,2004,2004,2,11,3,female,70.617
Brisbane,-27.611,153.30,2004,2004,2,12,1,female,51.450
Brisbane,-27.611,153.30,2004,2004,2,13,1,female,96.900
Brisbane,-27.611,153.30,2004,2004,1,1,3,male,55.44
Brisbane,-27.611,153.30,2004,2004,1,2,3,male,14.38
Brisbane,-27.611,153.30,2004,2004,1,2,4,male,64.23
Brisbane,-27.611,153.30,2004,2004,1,3,3,male,53.27
Brisbane,-27.611,153.30,2004,2004,1,3,4,male,67.09
Brisbane,-27.611,153.30,2004,2004,1,5,3,male,56.44
Brisbane,-27.611,153.30,2004,2004,1,8,3,male,46.03
Brisbane,-27.611,153.30,2004,2004,1,8,4,male,63.32
Brisbane,-27.611,153.30,2004,2004,1,9,4,male,63.13
Brisbane,-27.611,153.30,2004,2004,1,10,3,male,43.32
Brisbane,-27.611,153.30,2004,2004,1,10,4,male,56.43
Brisbane,-27.611,153.30,2004,2004,1,12,3,male,36.50
Brisbane,-27.611,153.30,2004,2004,2,1,4,male,30.09
Brisbane,-27.611,153.30,2004,2004,2,1,3,male,31.15
Brisbane,-27.611,153.30,2004,2004,2,2,3,male,18.36
Brisbane,-27.611,153.30,2004,2004,2,3,3,male,58.02
Brisbane,-27.611,153.30,2004,2004,2,5,3,male,38.15
Brisbane,-27.611,153.30,2004,2004,2,5,4,male,57.53
Brisbane,-27.611,153.30,2004,2004,2,8,3,male,45.13
Brisbane,-27.611,153.30,2004,2004,2,9,3,male,74.01
Brisbane,-27.611,153.30,2004,2004,2,10,3,male,50.30
Brisbane,-27.611,153.30,2004,2004,2,12,3,male,29.40
Brisbane,-27.611,153.30,2004,2004,3,1,4,male,40.10
Brisbane,-27.611,153.30,2004,2004,3,2,4,male,44.54
Brisbane,-27.611,153.30,2004,2004,3,3,4,male,64.40
Brisbane,-27.611,153.30,2004,2004,3,5,4,male,66.36
Brisbane,-27.611,153.30,2004,2004,3,8,4,male,61.29
Brisbane,-27.611,153.30,2004,2004,3,9,4,male,52.04
Brisbane,-27.611,153.30,2004,2004,3,10,4,male,56.50
Brisbane,-27.611,153.30,2004,2004,3,12,4,male,59.10
Brisbane,-27.611,153.30,2004,2004,3,13,4,male,38.05
Brisbane,-27.611,153.30,2004,2004,3,13,4,male,68.19
Brisbane,-27.611,153.30,2004,2004,3,13,4,male,96.50
Kingscliff,-28.265,153.58,2004,2004,1,1,3,female,64.583
Kingscliff,-28.265,153.58,2004,2004,1,1,1,female,95.117
Kingscliff,-28.265,153.58,2004,2004,1,3,1,female,62.217
Kingscliff,-28.265,153.58,2004,2004,1,3,2,female,69.983
Kingscliff,-28.265,153.58,2004,2004,1,4,3,female,61.000
Kingscliff,-28.265,153.58,2004,2004,1,4,3,female,69.417
Kingscliff,-28.265,153.58,2004,2004,1,5,3,female,45.317
Kingscliff,-28.265,153.58,2004,2004,1,5,1,female,75.883
Kingscliff,-28.265,153.58,2004,2004,1,7,1,female,28.533
Kingscliff,-28.265,153.58,2004,2004,1,7,2,female,64.100
Kingscliff,-28.265,153.58,2004,2004,1,8,3,female,65.000
Kingscliff,-28.265,153.58,2004,2004,1,8,2,female,71.283
Kingscliff,-28.265,153.58,2004,2004,1,9,1,female,68.833
Kingscliff,-28.265,153.58,2004,2004,1,9,2,female,71.567
Kingscliff,-28.265,153.58,2004,2004,1,10,3,female,69.133
Kingscliff,-28.265,153.58,2004,2004,1,10,1,female,70.167
Kingscliff,-28.265,153.58,2004,2004,1,11,2,female,53.583
Kingscliff,-28.265,153.58,2004,2004,1,12,3,female,71.733
Kingscliff,-28.265,153.58,2004,2004,1,12,2,female,78.467
Kingscliff,-28.265,153.58,2004,2004,1,14,1,female,65.650
Kingscliff,-28.265,153.58,2004,2004,1,14,2,female,67.600
Kingscliff,-28.265,153.58,2004,2004,1,16,2,female,61.983
Kingscliff,-28.265,153.58,2004,2004,1,16,3,female,67.267
Kingscliff,-28.265,153.58,2004,2004,1,17,1,female,62.667
Kingscliff,-28.265,153.58,2004,2004,1,19,2,female,63.000
Kingscliff,-28.265,153.58,2004,2004,1,19,1,female,67.417
Kingscliff,-28.265,153.58,2004,2004,2,1,2,female,35.950
Kingscliff,-28.265,153.58,2004,2004,2,1,3,female,59.850
Kingscliff,-28.265,153.58,2004,2004,2,3,3,female,54.550
Kingscliff,-28.265,153.58,2004,2004,2,3,2,female,61.917
Kingscliff,-28.265,153.58,2004,2004,2,4,3,female,51.700
Kingscliff,-28.265,153.58,2004,2004,2,4,2,female,60.433
Kingscliff,-28.265,153.58,2004,2004,2,5,2,female,52.200
Kingscliff,-28.265,153.58,2004,2004,2,5,1,female,53.867
Kingscliff,-28.265,153.58,2004,2004,2,7,3,female,64.017
Kingscliff,-28.265,153.58,2004,2004,2,7,2,female,69.083
Kingscliff,-28.265,153.58,2004,2004,2,8,3,female,57.950
Kingscliff,-28.265,153.58,2004,2004,2,8,2,female,61.517
Kingscliff,-28.265,153.58,2004,2004,2,9,2,female,45.517
Kingscliff,-28.265,153.58,2004,2004,2,9,3,female,57.767
Kingscliff,-28.265,153.58,2004,2004,2,10,2,female,43.650
Kingscliff,-28.265,153.58,2004,2004,2,10,1,female,51.300
Kingscliff,-28.265,153.58,2004,2004,2,11,2,female,54.550
Kingscliff,-28.265,153.58,2004,2004,2,11,3,female,54.550
Kingscliff,-28.265,153.58,2004,2004,2,12,1,female,58.667
Kingscliff,-28.265,153.58,2004,2004,2,12,3,female,64.500
Kingscliff,-28.265,153.58,2004,2004,2,14,2,female,57.950
Kingscliff,-28.265,153.58,2004,2004,2,16,3,female,52.200
Kingscliff,-28.265,153.58,2004,2004,2,16,2,female,60.417
Kingscliff,-28.265,153.58,2004,2004,2,17,3,female,67.333
Kingscliff,-28.265,153.58,2004,2004,2,19,2,female,62.017
Kingscliff,-28.265,153.58,2004,2004,2,19,3,female,79.250
Kingscliff,-28.265,153.58,2004,2004,1,1,3,male,48.05
Kingscliff,-28.265,153.58,2004,2004,1,3,4,male,47.55
Kingscliff,-28.265,153.58,2004,2004,1,3,3,male,53.08
Kingscliff,-28.265,153.58,2004,2004,1,4,3,male,48.20
Kingscliff,-28.265,153.58,2004,2004,1,4,4,male,62.09
Kingscliff,-28.265,153.58,2004,2004,1,5,3,male,40.45
Kingscliff,-28.265,153.58,2004,2004,1,7,3,male,54.14
Kingscliff,-28.265,153.58,2004,2004,1,9,3,male,50.40
Kingscliff,-28.265,153.58,2004,2004,1,10,3,male,71.30
Kingscliff,-28.265,153.58,2004,2004,1,11,4,male,63.13
Kingscliff,-28.265,153.58,2004,2004,1,11,3,male,66.38
Kingscliff,-28.265,153.58,2004,2004,1,12,3,male,60.44
Kingscliff,-28.265,153.58,2004,2004,1,16,4,male,38.06
Kingscliff,-28.265,153.58,2004,2004,1,16,3,male,67.36
Kingscliff,-28.265,153.58,2004,2004,1,17,3,male,50.14
Kingscliff,-28.265,153.58,2004,2004,2,1,3,male,38.50
Kingscliff,-28.265,153.58,2004,2004,2,1,4,male,46.34
Kingscliff,-28.265,153.58,2004,2004,2,3,3,male,50.31
Kingscliff,-28.265,153.58,2004,2004,2,3,4,male,51.43
Kingscliff,-28.265,153.58,2004,2004,2,4,3,male,52.04
Kingscliff,-28.265,153.58,2004,2004,2,5,4,male,52.33
Kingscliff,-28.265,153.58,2004,2004,2,5,3,male,73.57
Kingscliff,-28.265,153.58,2004,2004,2,7,3,male,45.38
Kingscliff,-28.265,153.58,2004,2004,2,7,4,male,50.33
Kingscliff,-28.265,153.58,2004,2004,2,8,4,male,50.14
Kingscliff,-28.265,153.58,2004,2004,2,8,4,male,61.49
Kingscliff,-28.265,153.58,2004,2004,2,8,3,male,63.30
Kingscliff,-28.265,153.58,2004,2004,2,9,4,male,46.01
Kingscliff,-28.265,153.58,2004,2004,2,9,3,male,57.40
Kingscliff,-28.265,153.58,2004,2004,2,10,3,male,60.10
Kingscliff,-28.265,153.58,2004,2004,2,10,4,male,60.15
Kingscliff,-28.265,153.58,2004,2004,2,11,3,male,52.40
Kingscliff,-28.265,153.58,2004,2004,2,12,3,male,60.00
Kingscliff,-28.265,153.58,2004,2004,2,12,4,male,81.01
Kingscliff,-28.265,153.58,2004,2004,2,14,4,male,40.14
Kingscliff,-28.265,153.58,2004,2004,2,14,4,male,49.15
Kingscliff,-28.265,153.58,2004,2004,2,16,3,male,44.16
Kingscliff,-28.265,153.58,2004,2004,2,17,3,male,54.21
Kingscliff,-28.265,153.58,2004,2004,2,19,3,male,65.30
Kingscliff,-28.265,153.58,2004,2004,3,1,4,male,26.46
Kingscliff,-28.265,153.58,2004,2004,3,4,4,male,33.22
Kingscliff,-28.265,153.58,2004,2004,3,5,4,male,30.25
Kingscliff,-28.265,153.58,2004,2004,3,7,4,male,49.44
Kingscliff,-28.265,153.58,2004,2004,3,8,3,male,48.35
Kingscliff,-28.265,153.58,2004,2004,3,9,4,male,87.11
Kingscliff,-28.265,153.58,2004,2004,3,10,4,male,54.49
Kingscliff,-28.265,153.58,2004,2004,3,10,4,male,60.49
Kingscliff,-28.265,153.58,2004,2004,3,11,4,male,60.42
Kingscliff,-28.265,153.58,2004,2004,3,12,4,male,23.54
Kingscliff,-28.265,153.58,2004,2004,3,14,4,male,47.02
Kingscliff,-28.265,153.58,2004,2004,3,14,4,male,55.25
Kingscliff,-28.265,153.58,2004,2004,3,16,4,male,55.00
Kingscliff,-28.265,153.58,2004,2004,3,17,4,male,36.24
Kingscliff,-28.265,153.58,2004,2004,3,19,4,male,53.29
Kingscliff,-28.265,153.58,2004,2004,3,19,3,male,58.40
Red_Rock,-29.984,153.23,2004,2004,1,2,1,female,46.583
Red_Rock,-29.984,153.23,2004,2004,1,2,3,female,55.033
Red_Rock,-29.984,153.23,2004,2004,1,3,2,female,55.667
Red_Rock,-29.984,153.23,2004,2004,1,3,3,female,95.917
Red_Rock,-29.984,153.23,2004,2004,1,4,1,female,56.067
Red_Rock,-29.984,153.23,2004,2004,1,4,2,female,73.933
Red_Rock,-29.984,153.23,2004,2004,1,5,3,female,25.667
Red_Rock,-29.984,153.23,2004,2004,1,5,1,female,66.517
Red_Rock,-29.984,153.23,2004,2004,1,10,1,female,41.817
Red_Rock,-29.984,153.23,2004,2004,1,10,3,female,60.567
Red_Rock,-29.984,153.23,2004,2004,1,11,2,female,59.033
Red_Rock,-29.984,153.23,2004,2004,1,11,1,female,77.233
Red_Rock,-29.984,153.23,2004,2004,1,12,3,female,52.783
Red_Rock,-29.984,153.23,2004,2004,1,12,2,female,72.000
Red_Rock,-29.984,153.23,2004,2004,1,13,2,female,46.817
Red_Rock,-29.984,153.23,2004,2004,1,13,3,female,97.000
Red_Rock,-29.984,153.23,2004,2004,1,15,2,female,51.350
Red_Rock,-29.984,153.23,2004,2004,1,15,1,female,59.067
Red_Rock,-29.984,153.23,2004,2004,1,17,1,female,58.433
Red_Rock,-29.984,153.23,2004,2004,1,17,2,female,65.650
Red_Rock,-29.984,153.23,2004,2004,1,18,2,female,60.567
Red_Rock,-29.984,153.23,2004,2004,1,18,1,female,65.433
Red_Rock,-29.984,153.23,2004,2004,1,19,2,female,63.883
Red_Rock,-29.984,153.23,2004,2004,1,19,3,female,64.433
Red_Rock,-29.984,153.23,2004,2004,1,20,3,female,69.750
Red_Rock,-29.984,153.23,2004,2004,1,20,1,female,78.233
Red_Rock,-29.984,153.23,2004,2004,2,2,2,female,55.350
Red_Rock,-29.984,153.23,2004,2004,2,2,1,female,58.583
Red_Rock,-29.984,153.23,2004,2004,2,3,3,female,64.650
Red_Rock,-29.984,153.23,2004,2004,2,3,1,female,64.683
Red_Rock,-29.984,153.23,2004,2004,2,4,2,female,49.300
Red_Rock,-29.984,153.23,2004,2004,2,5,2,female,45.183
Red_Rock,-29.984,153.23,2004,2004,2,5,3,female,56.250
Red_Rock,-29.984,153.23,2004,2004,2,10,3,female,50.500
Red_Rock,-29.984,153.23,2004,2004,2,11,1,female,63.700
Red_Rock,-29.984,153.23,2004,2004,2,11,3,female,72.783
Red_Rock,-29.984,153.23,2004,2004,2,12,3,female,57.333
Red_Rock,-29.984,153.23,2004,2004,2,12,1,female,78.633
Red_Rock,-29.984,153.23,2004,2004,2,13,3,female,72.333
Red_Rock,-29.984,153.23,2004,2004,2,15,2,female,101.950
Red_Rock,-29.984,153.23,2004,2004,2,17,2,female,54.167
Red_Rock,-29.984,153.23,2004,2004,2,17,3,female,59.500
Red_Rock,-29.984,153.23,2004,2004,2,17,3,female,77.450
Red_Rock,-29.984,153.23,2004,2004,2,18,1,female,60.567
Red_Rock,-29.984,153.23,2004,2004,2,18,3,female,74.467
Red_Rock,-29.984,153.23,2004,2004,2,18,1,female,91.467
Red_Rock,-29.984,153.23,2004,2004,2,19,1,female,50.833
Red_Rock,-29.984,153.23,2004,2004,2,19,3,female,57.650
Red_Rock,-29.984,153.23,2004,2004,2,19,2,female,80.800
Red_Rock,-29.984,153.23,2004,2004,2,20,2,female,52.200
Red_Rock,-29.984,153.23,2004,2004,2,20,1,female,60.417
Red_Rock,-29.984,153.23,2004,2004,1,2,4,male,58.01
Red_Rock,-29.984,153.23,2004,2004,1,2,3,male,68.44
Red_Rock,-29.984,153.23,2004,2004,1,3,4,male,22.57
Red_Rock,-29.984,153.23,2004,2004,1,3,3,male,48.00
Red_Rock,-29.984,153.23,2004,2004,1,5,3,male,68.10
Red_Rock,-29.984,153.23,2004,2004,1,10,3,male,48.00
Red_Rock,-29.984,153.23,2004,2004,1,10,4,male,65.31
Red_Rock,-29.984,153.23,2004,2004,1,11,4,male,35.44
Red_Rock,-29.984,153.23,2004,2004,1,11,4,male,48.35
Red_Rock,-29.984,153.23,2004,2004,1,12,3,male,43.58
Red_Rock,-29.984,153.23,2004,2004,1,14,3,male,59.39
Red_Rock,-29.984,153.23,2004,2004,1,14,4,male,80.46
Red_Rock,-29.984,153.23,2004,2004,1,15,3,male,56.56
Red_Rock,-29.984,153.23,2004,2004,1,16,3,male,46.40
Red_Rock,-29.984,153.23,2004,2004,1,17,4,male,49.58
Red_Rock,-29.984,153.23,2004,2004,1,17,3,male,70.55
Red_Rock,-29.984,153.23,2004,2004,1,18,3,male,50.30
Red_Rock,-29.984,153.23,2004,2004,1,19,4,male,52.33
Red_Rock,-29.984,153.23,2004,2004,1,19,3,male,56.23
Red_Rock,-29.984,153.23,2004,2004,1,20,3,male,76.30
Red_Rock,-29.984,153.23,2004,2004,2,3,3,male,62.05
Red_Rock,-29.984,153.23,2004,2004,2,4,4,male,42.07
Red_Rock,-29.984,153.23,2004,2004,2,4,3,male,57.13
Red_Rock,-29.984,153.23,2004,2004,2,5,3,male,46.14
Red_Rock,-29.984,153.23,2004,2004,2,5,4,male,51.00
Red_Rock,-29.984,153.23,2004,2004,2,10,3,male,90.53
Red_Rock,-29.984,153.23,2004,2004,2,11,4,male,47.02
Red_Rock,-29.984,153.23,2004,2004,2,12,3,male,64.09
Red_Rock,-29.984,153.23,2004,2004,2,12,4,male,64.24
Red_Rock,-29.984,153.23,2004,2004,2,12,4,male,68.34
Red_Rock,-29.984,153.23,2004,2004,2,13,4,male,49.08
Red_Rock,-29.984,153.23,2004,2004,2,13,3,male,53.26
Red_Rock,-29.984,153.23,2004,2004,2,14,4,male,42.09
Red_Rock,-29.984,153.23,2004,2004,2,14,3,male,52.13
Red_Rock,-29.984,153.23,2004,2004,2,15,4,male,36.36
Red_Rock,-29.984,153.23,2004,2004,2,15,3,male,55.25
Red_Rock,-29.984,153.23,2004,2004,2,16,4,male,52.33
Red_Rock,-29.984,153.23,2004,2004,2,16,3,male,58.31
Red_Rock,-29.984,153.23,2004,2004,2,17,3,male,45.46
Red_Rock,-29.984,153.23,2004,2004,2,18,3,male,29.03
Red_Rock,-29.984,153.23,2004,2004,2,18,4,male,65.03
Red_Rock,-29.984,153.23,2004,2004,2,19,3,male,24.05
Red_Rock,-29.984,153.23,2004,2004,2,20,4,male,61.14
Red_Rock,-29.984,153.23,2004,2004,2,20,3,male,65.18
Red_Rock,-29.984,153.23,2004,2004,3,2,4,male,47.10
Red_Rock,-29.984,153.23,2004,2004,3,3,4,male,61.40
Red_Rock,-29.984,153.23,2004,2004,3,4,3,male,50.03
Red_Rock,-29.984,153.23,2004,2004,3,4,4,male,83.10
Red_Rock,-29.984,153.23,2004,2004,3,5,4,male,24.38
Red_Rock,-29.984,153.23,2004,2004,3,10,4,male,50.45
Red_Rock,-29.984,153.23,2004,2004,3,11,4,male,54.15
Red_Rock,-29.984,153.23,2004,2004,3,12,4,male,51.13
Red_Rock,-29.984,153.23,2004,2004,3,13,3,male,69.06
Red_Rock,-29.984,153.23,2004,2004,3,15,4,male,57.00
Red_Rock,-29.984,153.23,2004,2004,3,16,4,male,62.48
Red_Rock,-29.984,153.23,2004,2004,3,17,4,male,62.10
Red_Rock,-29.984,153.23,2004,2004,3,18,4,male,64.50
Red_Rock,-29.984,153.23,2004,2004,3,19,4,male,51.58
Tuncurry,-32.175,152.50,2004,2004,1,1,3,female,23.517
Tuncurry,-32.175,152.50,2004,2004,1,1,1,female,116.683
Tuncurry,-32.175,152.50,2004,2004,1,3,3,female,82.500
Tuncurry,-32.175,152.50,2004,2004,1,3,2,female,97.383
Tuncurry,-32.175,152.50,2004,2004,1,4,1,female,63.450
Tuncurry,-32.175,152.50,2004,2004,1,4,2,female,71.233
Tuncurry,-32.175,152.50,2004,2004,1,5,1,female,52.333
Tuncurry,-32.175,152.50,2004,2004,1,5,3,female,75.967
Tuncurry,-32.175,152.50,2004,2004,1,7,1,female,71.950
Tuncurry,-32.175,152.50,2004,2004,1,7,2,female,86.000
Tuncurry,-32.175,152.50,2004,2004,1,8,1,female,61.500
Tuncurry,-32.175,152.50,2004,2004,1,8,3,female,76.650
Tuncurry,-32.175,152.50,2004,2004,1,10,1,female,70.700
Tuncurry,-32.175,152.50,2004,2004,1,10,2,female,78.100
Tuncurry,-32.175,152.50,2004,2004,1,12,1,female,48.617
Tuncurry,-32.175,152.50,2004,2004,1,12,2,female,52.400
Tuncurry,-32.175,152.50,2004,2004,1,13,2,female,69.583
Tuncurry,-32.175,152.50,2004,2004,1,13,1,female,73.833
Tuncurry,-32.175,152.50,2004,2004,1,15,3,female,59.683
Tuncurry,-32.175,152.50,2004,2004,1,15,2,female,68.883
Tuncurry,-32.175,152.50,2004,2004,1,16,2,female,65.350
Tuncurry,-32.175,152.50,2004,2004,1,16,1,female,98.567
Tuncurry,-32.175,152.50,2004,2004,1,17,2,female,55.450
Tuncurry,-32.175,152.50,2004,2004,1,17,1,female,129.950
Tuncurry,-32.175,152.50,2004,2004,1,19,2,female,59.983
Tuncurry,-32.175,152.50,2004,2004,1,19,3,female,68.733
Tuncurry,-32.175,152.50,2004,2004,2,1,1,female,51.033
Tuncurry,-32.175,152.50,2004,2004,2,1,2,female,61.667
Tuncurry,-32.175,152.50,2004,2004,2,3,2,female,49.500
Tuncurry,-32.175,152.50,2004,2004,2,3,1,female,59.067
Tuncurry,-32.175,152.50,2004,2004,2,4,1,female,46.367
Tuncurry,-32.175,152.50,2004,2004,2,4,3,female,54.550
Tuncurry,-32.175,152.50,2004,2004,2,5,2,female,42.783
Tuncurry,-32.175,152.50,2004,2004,2,5,3,female,51.500
Tuncurry,-32.175,152.50,2004,2004,2,6,2,female,37.967
Tuncurry,-32.175,152.50,2004,2004,2,6,2,female,48.483
Tuncurry,-32.175,152.50,2004,2004,2,6,1,female,63.183
Tuncurry,-32.175,152.50,2004,2004,2,7,3,female,64.983
Tuncurry,-32.175,152.50,2004,2004,2,7,2,female,82.750
Tuncurry,-32.175,152.50,2004,2004,2,8,3,female,59.667
Tuncurry,-32.175,152.50,2004,2004,2,8,2,female,74.250
Tuncurry,-32.175,152.50,2004,2004,2,10,3,female,63.133
Tuncurry,-32.175,152.50,2004,2004,2,12,3,female,47.583
Tuncurry,-32.175,152.50,2004,2004,2,12,1,female,54.550
Tuncurry,-32.175,152.50,2004,2004,2,13,3,female,54.183
Tuncurry,-32.175,152.50,2004,2004,2,13,1,female,58.867
Tuncurry,-32.175,152.50,2004,2004,2,15,1,female,29.833
Tuncurry,-32.175,152.50,2004,2004,2,15,3,female,49.750
Tuncurry,-32.175,152.50,2004,2004,2,16,2,female,52.667
Tuncurry,-32.175,152.50,2004,2004,2,16,2,female,60.750
Tuncurry,-32.175,152.50,2004,2004,2,17,1,female,57.200
Tuncurry,-32.175,152.50,2004,2004,2,17,2,female,66.000
Tuncurry,-32.175,152.50,2004,2004,2,19,1,female,54.550
Tuncurry,-32.175,152.50,2004,2004,2,19,3,female,54.550
Tuncurry,-32.175,152.50,2004,2004,2,19,1,female,62.550
Tuncurry,-32.175,152.50,2004,2004,1,1,4,male,61.50
Tuncurry,-32.175,152.50,2004,2004,1,1,4,male,76.00
Tuncurry,-32.175,152.50,2004,2004,1,3,3,male,66.56
Tuncurry,-32.175,152.50,2004,2004,1,5,3,male,49.47
Tuncurry,-32.175,152.50,2004,2004,1,7,3,male,73.00
Tuncurry,-32.175,152.50,2004,2004,1,8,4,male,38.48
Tuncurry,-32.175,152.50,2004,2004,1,8,3,male,52.59
Tuncurry,-32.175,152.50,2004,2004,1,10,3,male,48.27
Tuncurry,-32.175,152.50,2004,2004,1,10,4,male,58.25
Tuncurry,-32.175,152.50,2004,2004,1,12,4,male,47.39
Tuncurry,-32.175,152.50,2004,2004,1,12,4,male,54.45
Tuncurry,-32.175,152.50,2004,2004,1,12,3,male,56.30
Tuncurry,-32.175,152.50,2004,2004,1,13,4,male,33.36
Tuncurry,-32.175,152.50,2004,2004,1,13,4,male,37.11
Tuncurry,-32.175,152.50,2004,2004,1,13,3,male,49.07
Tuncurry,-32.175,152.50,2004,2004,1,15,3,male,24.35
Tuncurry,-32.175,152.50,2004,2004,1,16,3,male,60.19
Tuncurry,-32.175,152.50,2004,2004,1,19,4,male,63.00
Tuncurry,-32.175,152.50,2004,2004,1,19,3,male,65.13
Tuncurry,-32.175,152.50,2004,2004,2,1,4,male,40.32
Tuncurry,-32.175,152.50,2004,2004,2,3,4,male,49.19
Tuncurry,-32.175,152.50,2004,2004,2,3,3,male,60.44
Tuncurry,-32.175,152.50,2004,2004,2,4,4,male,48.22
Tuncurry,-32.175,152.50,2004,2004,2,4,3,male,50.05
Tuncurry,-32.175,152.50,2004,2004,2,5,3,male,46.22
Tuncurry,-32.175,152.50,2004,2004,2,8,3,male,51.11
Tuncurry,-32.175,152.50,2004,2004,2,10,4,male,41.32
Tuncurry,-32.175,152.50,2004,2004,2,10,3,male,47.30
Tuncurry,-32.175,152.50,2004,2004,2,12,3,male,47.00
Tuncurry,-32.175,152.50,2004,2004,2,13,3,male,79.08
Tuncurry,-32.175,152.50,2004,2004,2,15,3,male,49.27
Tuncurry,-32.175,152.50,2004,2004,2,15,4,male,58.53
Tuncurry,-32.175,152.50,2004,2004,2,16,4,male,47.25
Tuncurry,-32.175,152.50,2004,2004,2,16,3,male,49.25
Tuncurry,-32.175,152.50,2004,2004,2,17,4,male,49.01
Tuncurry,-32.175,152.50,2004,2004,2,17,4,male,97.08
Tuncurry,-32.175,152.50,2004,2004,2,19,3,male,31.05
Tuncurry,-32.175,152.50,2004,2004,3,1,4,male,42.21
Tuncurry,-32.175,152.50,2004,2004,3,3,4,male,60.32
Tuncurry,-32.175,152.50,2004,2004,3,4,3,male,55.07
Tuncurry,-32.175,152.50,2004,2004,3,5,4,male,52.40
Tuncurry,-32.175,152.50,2004,2004,3,5,4,male,66.36
Tuncurry,-32.175,152.50,2004,2004,3,7,4,male,64.00
Tuncurry,-32.175,152.50,2004,2004,3,7,3,male,100.18
Tuncurry,-32.175,152.50,2004,2004,3,8,4,male,53.29
Tuncurry,-32.175,152.50,2004,2004,3,15,4,male,51.37
Tuncurry,-32.175,152.50,2004,2004,3,17,4,male,41.47
Tuncurry,-32.175,152.50,2004,2004,3,17,4,male,58.02
Tuncurry,-32.175,152.50,2004,2004,3,19,4,male,62.46
Sydney,-33.955,151.11,2004,2004,1,1,2,female,45.600
Sydney,-33.955,151.11,2004,2004,1,1,1,female,75.133
Sydney,-33.955,151.11,2004,2004,1,2,1,female,34.500
Sydney,-33.955,151.11,2004,2004,1,2,2,female,35.500
Sydney,-33.955,151.11,2004,2004,1,3,3,female,40.917
Sydney,-33.955,151.11,2004,2004,1,3,1,female,55.567
Sydney,-33.955,151.11,2004,2004,1,6,2,female,43.867
Sydney,-33.955,151.11,2004,2004,1,6,3,female,68.133
Sydney,-33.955,151.11,2004,2004,1,7,2,female,51.633
Sydney,-33.955,151.11,2004,2004,1,7,1,female,77.950
Sydney,-33.955,151.11,2004,2004,1,8,2,female,50.833
Sydney,-33.955,151.11,2004,2004,1,8,3,female,77.850
Sydney,-33.955,151.11,2004,2004,1,9,2,female,57.250
Sydney,-33.955,151.11,2004,2004,1,9,3,female,90.933
Sydney,-33.955,151.11,2004,2004,1,10,1,female,61.583
Sydney,-33.955,151.11,2004,2004,1,10,3,female,69.767
Sydney,-33.955,151.11,2004,2004,1,11,1,female,21.350
Sydney,-33.955,151.11,2004,2004,1,11,2,female,44.217
Sydney,-33.955,151.11,2004,2004,1,12,1,female,76.750
Sydney,-33.955,151.11,2004,2004,1,12,2,female,84.233
Sydney,-33.955,151.11,2004,2004,1,14,2,female,103.483
Sydney,-33.955,151.11,2004,2004,1,15,3,female,36.850
Sydney,-33.955,151.11,2004,2004,1,15,2,female,57.467
Sydney,-33.955,151.11,2004,2004,1,17,2,female,65.083
Sydney,-33.955,151.11,2004,2004,1,17,3,female,94.833
Sydney,-33.955,151.11,2004,2004,1,19,3,female,82.500
Sydney,-33.955,151.11,2004,2004,1,19,2,female,93.500
Sydney,-33.955,151.11,2004,2004,2,1,2,female,64.317
Sydney,-33.955,151.11,2004,2004,2,1,3,female,77.450
Sydney,-33.955,151.11,2004,2004,2,2,1,female,43.333
Sydney,-33.955,151.11,2004,2004,2,2,3,female,55.917
Sydney,-33.955,151.11,2004,2004,2,3,1,female,50.750
Sydney,-33.955,151.11,2004,2004,2,3,2,female,51.700
Sydney,-33.955,151.11,2004,2004,2,6,3,female,59.633
Sydney,-33.955,151.11,2004,2004,2,6,1,female,75.533
Sydney,-33.955,151.11,2004,2004,2,7,1,female,8.850
Sydney,-33.955,151.11,2004,2004,2,7,3,female,54.050
Sydney,-33.955,151.11,2004,2004,2,8,1,female,47.783
Sydney,-33.955,151.11,2004,2004,2,8,3,female,58.233
Sydney,-33.955,151.11,2004,2004,2,9,1,female,59.083
Sydney,-33.955,151.11,2004,2004,2,9,3,female,81.750
Sydney,-33.955,151.11,2004,2004,2,10,3,female,28.033
Sydney,-33.955,151.11,2004,2004,2,10,1,female,55.150
Sydney,-33.955,151.11,2004,2004,2,11,3,female,48.233
Sydney,-33.955,151.11,2004,2004,2,11,1,female,63.950
Sydney,-33.955,151.11,2004,2004,2,12,2,female,31.483
Sydney,-33.955,151.11,2004,2004,2,12,1,female,70.250
Sydney,-33.955,151.11,2004,2004,2,14,1,female,69.783
Sydney,-33.955,151.11,2004,2004,2,14,2,female,92.633
Sydney,-33.955,151.11,2004,2004,2,15,3,female,62.317
Sydney,-33.955,151.11,2004,2004,2,17,1,female,61.350
Sydney,-33.955,151.11,2004,2004,2,17,2,female,83.767
Sydney,-33.955,151.11,2004,2004,2,18,1,female,18.950
Sydney,-33.955,151.11,2004,2004,2,18,1,female,39.067
Sydney,-33.955,151.11,2004,2004,2,18,2,female,49.750
Sydney,-33.955,151.11,2004,2004,2,18,2,female,59.083
Sydney,-33.955,151.11,2004,2004,2,19,3,female,61.917
Sydney,-33.955,151.11,2004,2004,1,1,3,male,52.24
Sydney,-33.955,151.11,2004,2004,1,2,3,male,55.02
Sydney,-33.955,151.11,2004,2004,1,7,3,male,47.59
Sydney,-33.955,151.11,2004,2004,1,8,3,male,54.21
Sydney,-33.955,151.11,2004,2004,1,9,3,male,38.42
Sydney,-33.955,151.11,2004,2004,1,10,3,male,70.45
Sydney,-33.955,151.11,2004,2004,1,12,3,male,37.00
Sydney,-33.955,151.11,2004,2004,1,12,4,male,44.10
Sydney,-33.955,151.11,2004,2004,1,12,4,male,46.27
Sydney,-33.955,151.11,2004,2004,1,14,3,male,25.46
Sydney,-33.955,151.11,2004,2004,1,14,4,male,59.10
Sydney,-33.955,151.11,2004,2004,1,17,3,male,37.54
Sydney,-33.955,151.11,2004,2004,1,17,4,male,88.13
Sydney,-33.955,151.11,2004,2004,1,18,3,male,36.11
Sydney,-33.955,151.11,2004,2004,1,19,3,male,73.21
Sydney,-33.955,151.11,2004,2004,2,1,3,male,48.58
Sydney,-33.955,151.11,2004,2004,2,1,4,male,63.44
Sydney,-33.955,151.11,2004,2004,2,2,4,male,51.20
Sydney,-33.955,151.11,2004,2004,2,2,3,male,53.57
Sydney,-33.955,151.11,2004,2004,2,3,3,male,62.05
Sydney,-33.955,151.11,2004,2004,2,3,4,male,77.23
Sydney,-33.955,151.11,2004,2004,2,7,3,male,29.15
Sydney,-33.955,151.11,2004,2004,2,7,4,male,69.15
Sydney,-33.955,151.11,2004,2004,2,8,4,male,39.00
Sydney,-33.955,151.11,2004,2004,2,8,3,male,49.48
Sydney,-33.955,151.11,2004,2004,2,9,3,male,56.08
Sydney,-33.955,151.11,2004,2004,2,9,4,male,78.10
Sydney,-33.955,151.11,2004,2004,2,10,3,male,53.16
Sydney,-33.955,151.11,2004,2004,2,10,4,male,55.43
Sydney,-33.955,151.11,2004,2004,2,11,3,male,72.48
Sydney,-33.955,151.11,2004,2004,2,12,3,male,56.56
Sydney,-33.955,151.11,2004,2004,2,14,3,male,67.18
Sydney,-33.955,151.11,2004,2004,2,17,3,male,49.00
Sydney,-33.955,151.11,2004,2004,2,18,3,male,58.16
Sydney,-33.955,151.11,2004,2004,2,18,4,male,66.16
Sydney,-33.955,151.11,2004,2004,2,19,4,male,48.07
Sydney,-33.955,151.11,2004,2004,2,19,3,male,67.30
Sydney,-33.955,151.11,2004,2004,3,1,4,male,10.23
Sydney,-33.955,151.11,2004,2004,3,2,4,male,51.53
Sydney,-33.955,151.11,2004,2004,3,3,4,male,69.45
Sydney,-33.955,151.11,2004,2004,3,6,3,male,53.36
Sydney,-33.955,151.11,2004,2004,3,6,4,male,60.52
Sydney,-33.955,151.11,2004,2004,3,7,4,male,44.14
Sydney,-33.955,151.11,2004,2004,3,8,4,male,59.40
Sydney,-33.955,151.11,2004,2004,3,9,4,male,63.07
Sydney,-33.955,151.11,2004,2004,3,10,4,male,55.21
Sydney,-33.955,151.11,2004,2004,3,11,4,male,99.20
Sydney,-33.955,151.11,2004,2004,3,14,4,male,45.59
Sydney,-33.955,151.11,2004,2004,3,17,4,male,59.40
Sydney,-33.955,151.11,2004,2004,3,18,4,male,59.40
Sydney,-33.955,151.11,2004,2004,3,19,4,male,59.14
Moruya,-35.912,150.08,2004,2004,1,2,1,female,18.300
Moruya,-35.912,150.08,2004,2004,1,2,3,female,63.183
Moruya,-35.912,150.08,2004,2004,1,3,1,female,64.583
Moruya,-35.912,150.08,2004,2004,1,3,3,female,77.083
Moruya,-35.912,150.08,2004,2004,1,4,2,female,22.567
Moruya,-35.912,150.08,2004,2004,1,4,3,female,54.950
Moruya,-35.912,150.08,2004,2004,1,5,3,female,64.317
Moruya,-35.912,150.08,2004,2004,1,5,1,female,102.783
Moruya,-35.912,150.08,2004,2004,1,6,2,female,55.867
Moruya,-35.912,150.08,2004,2004,1,6,3,female,55.967
Moruya,-35.912,150.08,2004,2004,1,7,1,female,17.733
Moruya,-35.912,150.08,2004,2004,1,7,2,female,77.500
Moruya,-35.912,150.08,2004,2004,1,9,1,female,68.217
Moruya,-35.912,150.08,2004,2004,1,9,2,female,76.050
Moruya,-35.912,150.08,2004,2004,1,10,3,female,69.750
Moruya,-35.912,150.08,2004,2004,1,11,2,female,22.333
Moruya,-35.912,150.08,2004,2004,1,11,1,female,99.683
Moruya,-35.912,150.08,2004,2004,1,12,1,female,31.733
Moruya,-35.912,150.08,2004,2004,1,12,3,female,55.283
Moruya,-35.912,150.08,2004,2004,1,14,2,female,59.417
Moruya,-35.912,150.08,2004,2004,1,14,1,female,68.517
Moruya,-35.912,150.08,2004,2004,1,15,1,female,58.433
Moruya,-35.912,150.08,2004,2004,1,15,3,female,90.683
Moruya,-35.912,150.08,2004,2004,1,19,3,female,65.033
Moruya,-35.912,150.08,2004,2004,1,19,1,female,66.500
Moruya,-35.912,150.08,2004,2004,1,19,2,female,82.100
Moruya,-35.912,150.08,2004,2004,1,20,2,female,40.567
Moruya,-35.912,150.08,2004,2004,1,20,1,female,83.000
Moruya,-35.912,150.08,2004,2004,2,2,2,female,46.333
Moruya,-35.912,150.08,2004,2004,2,2,3,female,57.967
Moruya,-35.912,150.08,2004,2004,2,3,1,female,46.083
Moruya,-35.912,150.08,2004,2004,2,3,3,female,57.200
Moruya,-35.912,150.08,2004,2004,2,4,3,female,32.650
Moruya,-35.912,150.08,2004,2004,2,4,1,female,71.500
Moruya,-35.912,150.08,2004,2004,2,5,1,female,20.150
Moruya,-35.912,150.08,2004,2004,2,5,2,female,47.450
Moruya,-35.912,150.08,2004,2004,2,6,1,female,48.667
Moruya,-35.912,150.08,2004,2004,2,6,3,female,48.833
Moruya,-35.912,150.08,2004,2004,2,7,1,female,39.917
Moruya,-35.912,150.08,2004,2004,2,7,3,female,59.633
Moruya,-35.912,150.08,2004,2004,2,9,1,female,66.500
Moruya,-35.912,150.08,2004,2004,2,9,3,female,66.500
Moruya,-35.912,150.08,2004,2004,2,10,3,female,51.333
Moruya,-35.912,150.08,2004,2004,2,10,1,female,61.267
Moruya,-35.912,150.08,2004,2004,2,11,3,female,54.850
Moruya,-35.912,150.08,2004,2004,2,12,3,female,13.183
Moruya,-35.912,150.08,2004,2004,2,12,2,female,41.317
Moruya,-35.912,150.08,2004,2004,2,14,3,female,57.200
Moruya,-35.912,150.08,2004,2004,2,14,3,female,62.967
Moruya,-35.912,150.08,2004,2004,2,14,1,female,63.383
Moruya,-35.912,150.08,2004,2004,2,15,1,female,56.450
Moruya,-35.912,150.08,2004,2004,2,15,3,female,60.733
Moruya,-35.912,150.08,2004,2004,2,18,2,female,52.200
Moruya,-35.912,150.08,2004,2004,2,18,2,female,52.200
Moruya,-35.912,150.08,2004,2004,2,18,1,female,58.400
Moruya,-35.912,150.08,2004,2004,2,18,2,female,70.500
Moruya,-35.912,150.08,2004,2004,2,19,1,female,55.583
Moruya,-35.912,150.08,2004,2004,2,19,2,female,78.083
Moruya,-35.912,150.08,2004,2004,2,20,3,female,36.717
Moruya,-35.912,150.08,2004,2004,2,20,1,female,58.600
Moruya,-35.912,150.08,2004,2004,1,2,3,male,48.51
Moruya,-35.912,150.08,2004,2004,1,3,3,male,47.39
Moruya,-35.912,150.08,2004,2004,1,3,4,male,57.11
Moruya,-35.912,150.08,2004,2004,1,4,4,male,56.35
Moruya,-35.912,150.08,2004,2004,1,6,3,male,46.55
Moruya,-35.912,150.08,2004,2004,1,7,4,male,56.27
Moruya,-35.912,150.08,2004,2004,1,7,3,male,63.30
Moruya,-35.912,150.08,2004,2004,1,7,4,male,99.30
Moruya,-35.912,150.08,2004,2004,1,9,3,male,46.55
Moruya,-35.912,150.08,2004,2004,1,9,4,male,56.57
Moruya,-35.912,150.08,2004,2004,1,9,4,male,57.24
Moruya,-35.912,150.08,2004,2004,1,10,3,male,60.00
Moruya,-35.912,150.08,2004,2004,1,11,3,male,27.32
Moruya,-35.912,150.08,2004,2004,1,11,4,male,47.03
Moruya,-35.912,150.08,2004,2004,1,12,3,male,20.30
Moruya,-35.912,150.08,2004,2004,1,12,4,male,54.30
Moruya,-35.912,150.08,2004,2004,1,14,3,male,27.08
Moruya,-35.912,150.08,2004,2004,1,14,3,male,55.58
Moruya,-35.912,150.08,2004,2004,1,14,4,male,66.52
Moruya,-35.912,150.08,2004,2004,1,15,3,male,123.28
Moruya,-35.912,150.08,2004,2004,1,18,4,male,53.09
Moruya,-35.912,150.08,2004,2004,1,18,3,male,61.50
Moruya,-35.912,150.08,2004,2004,2,2,4,male,58.08
Moruya,-35.912,150.08,2004,2004,2,2,3,male,82.10
Moruya,-35.912,150.08,2004,2004,2,4,3,male,54.48
Moruya,-35.912,150.08,2004,2004,2,5,3,male,70.15
Moruya,-35.912,150.08,2004,2004,2,6,3,male,22.49
Moruya,-35.912,150.08,2004,2004,2,6,4,male,57.18
Moruya,-35.912,150.08,2004,2004,2,7,3,male,64.50
Moruya,-35.912,150.08,2004,2004,2,9,3,male,33.30
Moruya,-35.912,150.08,2004,2004,2,10,3,male,46.08
Moruya,-35.912,150.08,2004,2004,2,11,3,male,23.15
Moruya,-35.912,150.08,2004,2004,2,12,3,male,21.02
Moruya,-35.912,150.08,2004,2004,2,14,3,male,61.25
Moruya,-35.912,150.08,2004,2004,2,14,3,male,74.19
Moruya,-35.912,150.08,2004,2004,2,15,3,male,59.56
Moruya,-35.912,150.08,2004,2004,2,15,4,male,64.49
Moruya,-35.912,150.08,2004,2004,2,18,3,male,47.48
Moruya,-35.912,150.08,2004,2004,2,18,4,male,60.27
Moruya,-35.912,150.08,2004,2004,2,19,3,male,54.21
Moruya,-35.912,150.08,2004,2004,2,19,4,male,71.11
Moruya,-35.912,150.08,2004,2004,2,20,3,male,38.15
Moruya,-35.912,150.08,2004,2004,2,20,4,male,49.32
Moruya,-35.912,150.08,2004,2004,3,2,4,male,53.44
Moruya,-35.912,150.08,2004,2004,3,3,4,male,43.57
Moruya,-35.912,150.08,2004,2004,3,4,4,male,35.56
Moruya,-35.912,150.08,2004,2004,3,6,4,male,57.38
Moruya,-35.912,150.08,2004,2004,3,7,4,male,23.20
Moruya,-35.912,150.08,2004,2004,3,9,4,male,35.38
Moruya,-35.912,150.08,2004,2004,3,10,4,male,58.25
Moruya,-35.912,150.08,2004,2004,3,10,4,male,67.45
Moruya,-35.912,150.08,2004,2004,3,11,4,male,45.10
Moruya,-35.912,150.08,2004,2004,3,12,4,male,34.44
Moruya,-35.912,150.08,2004,2004,3,14,4,male,46.48
Moruya,-35.912,150.08,2004,2004,3,15,4,male,43.43
Moruya,-35.912,150.08,2004,2004,3,19,4,male,60.25
Moruya,-35.912,150.08,2004,2004,3,20,4,male,37.46
Moruya,-35.912,150.08,2004,2004,3,20,3,male,46.38
Greensborough,-37.697,145.10,2004,2004,1,2,3,female,34.017
Greensborough,-37.697,145.10,2004,2004,1,2,2,female,53.383
Greensborough,-37.697,145.10,2004,2004,1,3,1,female,29.233
Greensborough,-37.697,145.10,2004,2004,1,3,3,female,46.317
Greensborough,-37.697,145.10,2004,2004,1,4,2,female,45.733
Greensborough,-37.697,145.10,2004,2004,1,4,1,female,71.650
Greensborough,-37.697,145.10,2004,2004,1,8,3,female,55.033
Greensborough,-37.697,145.10,2004,2004,1,8,1,female,59.833
Greensborough,-37.697,145.10,2004,2004,1,12,3,female,42.233
Greensborough,-37.697,145.10,2004,2004,1,12,2,female,59.067
Greensborough,-37.697,145.10,2004,2004,1,13,2,female,24.033
Greensborough,-37.697,145.10,2004,2004,1,13,1,female,52.900
Greensborough,-37.697,145.10,2004,2004,1,14,3,female,32.267
Greensborough,-37.697,145.10,2004,2004,1,14,1,female,59.683
Greensborough,-37.697,145.10,2004,2004,1,15,3,female,39.667
Greensborough,-37.697,145.10,2004,2004,1,15,2,female,56.183
Greensborough,-37.697,145.10,2004,2004,1,16,1,female,60.150
Greensborough,-37.697,145.10,2004,2004,1,16,2,female,133.550
Greensborough,-37.697,145.10,2004,2004,1,17,1,female,41.050
Greensborough,-37.697,145.10,2004,2004,1,17,3,female,55.817
Greensborough,-37.697,145.10,2004,2004,1,18,2,female,56.167
Greensborough,-37.697,145.10,2004,2004,1,18,3,female,66.083
Greensborough,-37.697,145.10,2004,2004,1,19,2,female,17.650
Greensborough,-37.697,145.10,2004,2004,1,19,1,female,47.717
Greensborough,-37.697,145.10,2004,2004,1,20,3,female,85.433
Greensborough,-37.697,145.10,2004,2004,1,20,1,female,90.583
Greensborough,-37.697,145.10,2004,2004,2,2,1,female,48.267
Greensborough,-37.697,145.10,2004,2004,2,2,3,female,53.450
Greensborough,-37.697,145.10,2004,2004,2,3,2,female,57.650
Greensborough,-37.697,145.10,2004,2004,2,3,3,female,57.650
Greensborough,-37.697,145.10,2004,2004,2,4,3,female,52.200
Greensborough,-37.697,145.10,2004,2004,2,8,3,female,65.167
Greensborough,-37.697,145.10,2004,2004,2,12,1,female,47.083
Greensborough,-37.697,145.10,2004,2004,2,12,3,female,50.167
Greensborough,-37.697,145.10,2004,2004,2,13,2,female,56.450
Greensborough,-37.697,145.10,2004,2004,2,13,1,female,64.500
Greensborough,-37.697,145.10,2004,2004,2,14,1,female,77.450
Greensborough,-37.697,145.10,2004,2004,2,14,2,female,78.283
Greensborough,-37.697,145.10,2004,2004,2,15,2,female,48.483
Greensborough,-37.697,145.10,2004,2004,2,15,2,female,57.650
Greensborough,-37.697,145.10,2004,2004,2,16,3,female,51.667
Greensborough,-37.697,145.10,2004,2004,2,16,3,female,56.450
Greensborough,-37.697,145.10,2004,2004,2,17,1,female,51.150
Greensborough,-37.697,145.10,2004,2004,2,17,3,female,89.233
Greensborough,-37.697,145.10,2004,2004,2,18,2,female,43.117
Greensborough,-37.697,145.10,2004,2004,2,19,2,female,56.833
Greensborough,-37.697,145.10,2004,2004,2,19,3,female,90.967
Greensborough,-37.697,145.10,2004,2004,2,20,3,female,57.033
Greensborough,-37.697,145.10,2004,2004,2,20,2,female,82.750
Greensborough,-37.697,145.10,2004,2004,1,2,4,male,39.10
Greensborough,-37.697,145.10,2004,2004,1,2,3,male,41.29
Greensborough,-37.697,145.10,2004,2004,1,3,3,male,57.34
Greensborough,-37.697,145.10,2004,2004,1,4,3,male,55.19
Greensborough,-37.697,145.10,2004,2004,1,7,3,male,51.11
Greensborough,-37.697,145.10,2004,2004,1,8,3,male,112.42
Greensborough,-37.697,145.10,2004,2004,1,10,3,male,57.13
Greensborough,-37.697,145.10,2004,2004,1,10,4,male,63.27
Greensborough,-37.697,145.10,2004,2004,1,12,3,male,49.00
Greensborough,-37.697,145.10,2004,2004,1,13,3,male,49.56
Greensborough,-37.697,145.10,2004,2004,1,14,3,male,56.23
Greensborough,-37.697,145.10,2004,2004,1,15,3,male,63.15
Greensborough,-37.697,145.10,2004,2004,1,16,4,male,32.28
Greensborough,-37.697,145.10,2004,2004,1,16,3,male,48.00
Greensborough,-37.697,145.10,2004,2004,1,17,4,male,53.21
Greensborough,-37.697,145.10,2004,2004,1,17,3,male,63.30
Greensborough,-37.697,145.10,2004,2004,1,18,4,male,62.09
Greensborough,-37.697,145.10,2004,2004,1,20,3,male,40.17
Greensborough,-37.697,145.10,2004,2004,1,20,4,male,73.18
Greensborough,-37.697,145.10,2004,2004,2,2,3,male,43.32
Greensborough,-37.697,145.10,2004,2004,2,3,4,male,41.17
Greensborough,-37.697,145.10,2004,2004,2,3,3,male,47.21
Greensborough,-37.697,145.10,2004,2004,2,4,3,male,54.05
Greensborough,-37.697,145.10,2004,2004,2,4,4,male,64.17
Greensborough,-37.697,145.10,2004,2004,2,7,3,male,58.20
Greensborough,-37.697,145.10,2004,2004,2,8,4,male,55.32
Greensborough,-37.697,145.10,2004,2004,2,10,3,male,49.48
Greensborough,-37.697,145.10,2004,2004,2,12,3,male,49.00
Greensborough,-37.697,145.10,2004,2004,2,12,4,male,62.04
Greensborough,-37.697,145.10,2004,2004,2,13,4,male,55.07
Greensborough,-37.697,145.10,2004,2004,2,13,3,male,112.24
Greensborough,-37.697,145.10,2004,2004,2,14,4,male,87.55
Greensborough,-37.697,145.10,2004,2004,2,14,3,male,95.35
Greensborough,-37.697,145.10,2004,2004,2,15,4,male,40.23
Greensborough,-37.697,145.10,2004,2004,2,15,3,male,62.59
Greensborough,-37.697,145.10,2004,2004,2,16,3,male,75.53
Greensborough,-37.697,145.10,2004,2004,2,19,4,male,52.09
Greensborough,-37.697,145.10,2004,2004,2,19,4,male,59.05
Greensborough,-37.697,145.10,2004,2004,2,19,3,male,64.38
Greensborough,-37.697,145.10,2004,2004,2,20,3,male,82.58
Greensborough,-37.697,145.10,2004,2004,3,2,4,male,58.37
Greensborough,-37.697,145.10,2004,2004,3,3,4,male,31.26
Greensborough,-37.697,145.10,2004,2004,3,4,4,male,69.52
Greensborough,-37.697,145.10,2004,2004,3,7,4,male,21.26
Greensborough,-37.697,145.10,2004,2004,3,7,4,male,64.48
Greensborough,-37.697,145.10,2004,2004,3,8,4,male,71.46
Greensborough,-37.697,145.10,2004,2004,3,10,4,male,46.08
Greensborough,-37.697,145.10,2004,2004,3,12,4,male,44.46
Greensborough,-37.697,145.10,2004,2004,3,13,4,male,61.23
Greensborough,-37.697,145.10,2004,2004,3,14,4,male,42.55
Greensborough,-37.697,145.10,2004,2004,3,15,4,male,51.44
Greensborough,-37.697,145.10,2004,2004,3,16,4,male,60.42
Greensborough,-37.697,145.10,2004,2004,3,17,4,male,53.17
Greensborough,-37.697,145.10,2004,2004,3,18,4,male,44.38
Greensborough,-37.697,145.10,2004,2004,3,18,4,male,55.58
Greensborough,-37.697,145.10,2004,2004,3,18,4,male,58.17
Greensborough,-37.697,145.10,2004,2004,3,19,3,male,36.57
Greensborough,-37.697,145.10,2004,2004,3,20,4,male,67.36
Legana,-41.351,147.04,2004,2004,1,2,2,female,57.017
Legana,-41.351,147.04,2004,2004,1,2,3,female,74.733
Legana,-41.351,147.04,2004,2004,1,4,1,female,15.417
Legana,-41.351,147.04,2004,2004,1,4,2,female,73.117
Legana,-41.351,147.04,2004,2004,1,5,2,female,65.167
Legana,-41.351,147.04,2004,2004,1,5,1,female,141.250
Legana,-41.351,147.04,2004,2004,1,7,1,female,60.167
Legana,-41.351,147.04,2004,2004,1,7,2,female,60.333
Legana,-41.351,147.04,2004,2004,1,8,3,female,50.117
Legana,-41.351,147.04,2004,2004,1,8,2,female,52.783
Legana,-41.351,147.04,2004,2004,1,10,3,female,62.583
Legana,-41.351,147.04,2004,2004,1,10,2,female,82.500
Legana,-41.351,147.04,2004,2004,1,11,1,female,57.967
Legana,-41.351,147.04,2004,2004,1,11,3,female,62.250
Legana,-41.351,147.04,2004,2004,1,12,1,female,48.167
Legana,-41.351,147.04,2004,2004,1,12,3,female,67.217
Legana,-41.351,147.04,2004,2004,1,13,1,female,66.833
Legana,-41.351,147.04,2004,2004,1,13,2,female,70.217
Legana,-41.351,147.04,2004,2004,1,14,2,female,45.167
Legana,-41.351,147.04,2004,2004,1,14,3,female,77.433
Legana,-41.351,147.04,2004,2004,1,15,1,female,61.217
Legana,-41.351,147.04,2004,2004,1,15,2,female,67.917
Legana,-41.351,147.04,2004,2004,1,16,1,female,85.233
Legana,-41.351,147.04,2004,2004,1,16,3,female,103.217
Legana,-41.351,147.04,2004,2004,1,17,2,female,51.950
Legana,-41.351,147.04,2004,2004,1,17,1,female,60.333
Legana,-41.351,147.04,2004,2004,1,19,1,female,64.733
Legana,-41.351,147.04,2004,2004,1,19,2,female,75.633
Legana,-41.351,147.04,2004,2004,1,20,2,female,37.667
Legana,-41.351,147.04,2004,2004,1,20,3,female,40.450
Legana,-41.351,147.04,2004,2004,2,2,1,female,59.667
Legana,-41.351,147.04,2004,2004,2,2,3,female,63.650
Legana,-41.351,147.04,2004,2004,2,4,2,female,32.200
Legana,-41.351,147.04,2004,2004,2,4,3,female,72.000
Legana,-41.351,147.04,2004,2004,2,5,1,female,68.667
Legana,-41.351,147.04,2004,2004,2,5,3,female,78.633
Legana,-41.351,147.04,2004,2004,2,7,1,female,37.867
Legana,-41.351,147.04,2004,2004,2,7,3,female,55.767
Legana,-41.351,147.04,2004,2004,2,8,2,female,54.550
Legana,-41.351,147.04,2004,2004,2,8,1,female,57.200
Legana,-41.351,147.04,2004,2004,2,10,2,female,58.600
Legana,-41.351,147.04,2004,2004,2,10,3,female,62.550
Legana,-41.351,147.04,2004,2004,2,11,3,female,42.367
Legana,-41.351,147.04,2004,2004,2,11,2,female,51.967
Legana,-41.351,147.04,2004,2004,2,12,1,female,34.500
Legana,-41.351,147.04,2004,2004,2,12,2,female,38.633
Legana,-41.351,147.04,2004,2004,2,13,3,female,48.483
Legana,-41.351,147.04,2004,2004,2,13,1,female,57.650
Legana,-41.351,147.04,2004,2004,2,14,1,female,52.200
Legana,-41.351,147.04,2004,2004,2,15,3,female,43.550
Legana,-41.351,147.04,2004,2004,2,15,1,female,72.700
Legana,-41.351,147.04,2004,2004,2,16,2,female,83.483
Legana,-41.351,147.04,2004,2004,2,16,1,female,112.233
Legana,-41.351,147.04,2004,2004,2,17,1,female,36.150
Legana,-41.351,147.04,2004,2004,2,17,2,female,79.783
Legana,-41.351,147.04,2004,2004,2,19,1,female,49.833
Legana,-41.351,147.04,2004,2004,2,19,3,female,53.417
Legana,-41.351,147.04,2004,2004,2,20,1,female,57.650
Legana,-41.351,147.04,2004,2004,2,20,2,female,58.233
Legana,-41.351,147.04,2004,2004,1,2,3,male,51.11
Legana,-41.351,147.04,2004,2004,1,4,4,male,35.08
Legana,-41.351,147.04,2004,2004,1,4,4,male,35.30
Legana,-41.351,147.04,2004,2004,1,5,4,male,34.33
Legana,-41.351,147.04,2004,2004,1,5,3,male,69.40
Legana,-41.351,147.04,2004,2004,1,7,3,male,50.30
Legana,-41.351,147.04,2004,2004,1,8,3,male,43.44
Legana,-41.351,147.04,2004,2004,1,10,4,male,31.56
Legana,-41.351,147.04,2004,2004,1,10,3,male,46.08
Legana,-41.351,147.04,2004,2004,1,11,3,male,58.54
Legana,-41.351,147.04,2004,2004,1,12,3,male,39.42
Legana,-41.351,147.04,2004,2004,1,13,3,male,60.00
Legana,-41.351,147.04,2004,2004,1,14,3,male,59.59
Legana,-41.351,147.04,2004,2004,1,15,4,male,58.15
Legana,-41.351,147.04,2004,2004,1,15,3,male,58.54
Legana,-41.351,147.04,2004,2004,1,16,3,male,52.38
Legana,-41.351,147.04,2004,2004,1,17,4,male,36.13
Legana,-41.351,147.04,2004,2004,1,17,4,male,70.35
Legana,-41.351,147.04,2004,2004,1,19,3,male,62.44
Legana,-41.351,147.04,2004,2004,1,20,3,male,48.00
Legana,-41.351,147.04,2004,2004,2,2,4,male,54.10
Legana,-41.351,147.04,2004,2004,2,2,3,male,58.16
Legana,-41.351,147.04,2004,2004,2,4,4,male,58.25
Legana,-41.351,147.04,2004,2004,2,5,3,male,54.39
Legana,-41.351,147.04,2004,2004,2,7,4,male,56.24
Legana,-41.351,147.04,2004,2004,2,7,3,male,87.43
Legana,-41.351,147.04,2004,2004,2,8,4,male,48.21
Legana,-41.351,147.04,2004,2004,2,8,3,male,57.56
Legana,-41.351,147.04,2004,2004,2,10,3,male,41.29
Legana,-41.351,147.04,2004,2004,2,11,4,male,59.31
Legana,-41.351,147.04,2004,2004,2,11,3,male,60.44
Legana,-41.351,147.04,2004,2004,2,12,3,male,52.25
Legana,-41.351,147.04,2004,2004,2,13,4,male,47.31
Legana,-41.351,147.04,2004,2004,2,13,3,male,79.55
Legana,-41.351,147.04,2004,2004,2,14,4,male,50.52
Legana,-41.351,147.04,2004,2004,2,14,3,male,53.43
Legana,-41.351,147.04,2004,2004,2,14,4,male,56.05
Legana,-41.351,147.04,2004,2004,2,15,3,male,45.16
Legana,-41.351,147.04,2004,2004,2,16,3,male,39.42
Legana,-41.351,147.04,2004,2004,2,17,4,male,68.06
Legana,-41.351,147.04,2004,2004,2,19,4,male,17.55
Legana,-41.351,147.04,2004,2004,2,19,3,male,61.30
Legana,-41.351,147.04,2004,2004,2,20,4,male,41.41
Legana,-41.351,147.04,2004,2004,2,20,3,male,61.25
Legana,-41.351,147.04,2004,2004,3,2,4,male,55.54
Legana,-41.351,147.04,2004,2004,3,4,4,male,35.57
Legana,-41.351,147.04,2004,2004,3,7,4,male,50.24
Legana,-41.351,147.04,2004,2004,3,8,4,male,48.50
Legana,-41.351,147.04,2004,2004,3,10,4,male,71.32
Legana,-41.351,147.04,2004,2004,3,11,4,male,52.19
Legana,-41.351,147.04,2004,2004,3,12,4,male,64.33
Legana,-41.351,147.04,2004,2004,3,13,4,male,59.53
Legana,-41.351,147.04,2004,2004,3,14,4,male,42.36
Legana,-41.351,147.04,2004,2004,3,15,4,male,58.32
Legana,-41.351,147.04,2004,2004,3,16,4,male,68.34
Legana,-41.351,147.04,2004,2004,3,17,4,male,25.07
Legana,-41.351,147.04,2004,2004,3,19,4,male,45.45
Legana,-41.351,147.04,2004,2004,3,20,4,male,38.57
Sorell,-42.769,147.58,2004,2004,1,5,1,female,43.233
Sorell,-42.769,147.58,2004,2004,1,5,2,female,57.500
Sorell,-42.769,147.58,2004,2004,1,6,2,female,58.600
Sorell,-42.769,147.58,2004,2004,1,6,3,female,81.400
Sorell,-42.769,147.58,2004,2004,1,9,1,female,61.217
Sorell,-42.769,147.58,2004,2004,1,9,2,female,63.183
Sorell,-42.769,147.58,2004,2004,1,10,2,female,83.000
Sorell,-42.769,147.58,2004,2004,1,10,3,female,93.533
Sorell,-42.769,147.58,2004,2004,1,11,1,female,44.217
Sorell,-42.769,147.58,2004,2004,1,11,3,female,54.633
Sorell,-42.769,147.58,2004,2004,1,12,2,female,58.483
Sorell,-42.769,147.58,2004,2004,1,12,1,female,86.450
Sorell,-42.769,147.58,2004,2004,1,13,1,female,39.650
Sorell,-42.769,147.58,2004,2004,1,13,3,female,63.183
Sorell,-42.769,147.58,2004,2004,1,14,3,female,12.233
Sorell,-42.769,147.58,2004,2004,1,14,2,female,63.617
Sorell,-42.769,147.58,2004,2004,1,15,1,female,53.800
Sorell,-42.769,147.58,2004,2004,1,15,3,female,66.500
Sorell,-42.769,147.58,2004,2004,1,16,3,female,61.000
Sorell,-42.769,147.58,2004,2004,1,16,2,female,65.083
Sorell,-42.769,147.58,2004,2004,1,17,2,female,73.250
Sorell,-42.769,147.58,2004,2004,1,17,1,female,104.633
Sorell,-42.769,147.58,2004,2004,1,18,2,female,63.067
Sorell,-42.769,147.58,2004,2004,1,18,1,female,66.283
Sorell,-42.769,147.58,2004,2004,1,18,3,female,74.650
Sorell,-42.769,147.58,2004,2004,1,18,1,female,83.900
Sorell,-42.769,147.58,2004,2004,1,19,1,female,62.250
Sorell,-42.769,147.58,2004,2004,1,19,2,female,63.183
Sorell,-42.769,147.58,2004,2004,2,5,3,female,53.283
Sorell,-42.769,147.58,2004,2004,2,5,1,female,61.083
Sorell,-42.769,147.58,2004,2004,2,5,1,female,64.333
Sorell,-42.769,147.58,2004,2004,2,6,2,female,49.750
Sorell,-42.769,147.58,2004,2004,2,9,1,female,41.917
Sorell,-42.769,147.58,2004,2004,2,9,3,female,69.983
Sorell,-42.769,147.58,2004,2004,2,10,2,female,44.400
Sorell,-42.769,147.58,2004,2004,2,10,1,female,53.283
Sorell,-42.769,147.58,2004,2004,2,11,2,female,48.967
Sorell,-42.769,147.58,2004,2004,2,11,1,female,58.233
Sorell,-42.769,147.58,2004,2004,2,12,2,female,40.183
Sorell,-42.769,147.58,2004,2004,2,13,2,female,43.900
Sorell,-42.769,147.58,2004,2004,2,13,1,female,54.050
Sorell,-42.769,147.58,2004,2004,2,14,1,female,58.150
Sorell,-42.769,147.58,2004,2004,2,14,2,female,61.850
Sorell,-42.769,147.58,2004,2004,2,15,1,female,50.983
Sorell,-42.769,147.58,2004,2004,2,15,2,female,56.100
Sorell,-42.769,147.58,2004,2004,2,16,1,female,44.333
Sorell,-42.769,147.58,2004,2004,2,16,3,female,54.900
Sorell,-42.769,147.58,2004,2004,2,17,1,female,47.567
Sorell,-42.769,147.58,2004,2004,2,17,3,female,54.033
Sorell,-42.769,147.58,2004,2004,2,18,2,female,41.717
Sorell,-42.769,147.58,2004,2004,2,18,1,female,46.667
Sorell,-42.769,147.58,2004,2004,2,18,3,female,47.450
Sorell,-42.769,147.58,2004,2004,2,18,2,female,56.683
Sorell,-42.769,147.58,2004,2004,2,19,3,female,54.550
Sorell,-42.769,147.58,2004,2004,2,19,2,female,94.133
Sorell,-42.769,147.58,2004,2004,1,5,4,male,34.04
Sorell,-42.769,147.58,2004,2004,1,5,3,male,70.52
Sorell,-42.769,147.58,2004,2004,1,6,4,male,41.25
Sorell,-42.769,147.58,2004,2004,1,6,3,male,45.01
Sorell,-42.769,147.58,2004,2004,1,9,4,male,55.40
Sorell,-42.769,147.58,2004,2004,1,9,4,male,82.49
Sorell,-42.769,147.58,2004,2004,1,10,3,male,60.00
Sorell,-42.769,147.58,2004,2004,1,11,3,male,44.45
Sorell,-42.769,147.58,2004,2004,1,11,4,male,65.19
Sorell,-42.769,147.58,2004,2004,1,13,3,male,44.48
Sorell,-42.769,147.58,2004,2004,1,13,4,male,58.25
Sorell,-42.769,147.58,2004,2004,1,14,4,male,36.46
Sorell,-42.769,147.58,2004,2004,1,14,4,male,58.51
Sorell,-42.769,147.58,2004,2004,1,15,3,male,58.16
Sorell,-42.769,147.58,2004,2004,1,15,4,male,63.54
Sorell,-42.769,147.58,2004,2004,1,16,3,male,44.00
Sorell,-42.769,147.58,2004,2004,1,16,4,male,50.54
Sorell,-42.769,147.58,2004,2004,1,17,4,male,56.04
Sorell,-42.769,147.58,2004,2004,1,17,3,male,73.21
Sorell,-42.769,147.58,2004,2004,1,18,4,male,47.46
Sorell,-42.769,147.58,2004,2004,1,18,3,male,51.30
Sorell,-42.769,147.58,2004,2004,1,18,3,male,74.18
Sorell,-42.769,147.58,2004,2004,1,19,3,male,43.00
Sorell,-42.769,147.58,2004,2004,2,5,3,male,44.07
Sorell,-42.769,147.58,2004,2004,2,6,3,male,32.41
Sorell,-42.769,147.58,2004,2004,2,9,4,male,36.47
Sorell,-42.769,147.58,2004,2004,2,10,4,male,26.48
Sorell,-42.769,147.58,2004,2004,2,10,3,male,95.59
Sorell,-42.769,147.58,2004,2004,2,11,3,male,42.39
Sorell,-42.769,147.58,2004,2004,2,13,3,male,47.21
Sorell,-42.769,147.58,2004,2004,2,14,4,male,49.15
Sorell,-42.769,147.58,2004,2004,2,15,3,male,51.11
Sorell,-42.769,147.58,2004,2004,2,16,3,male,40.29
Sorell,-42.769,147.58,2004,2004,2,17,3,male,57.56
Sorell,-42.769,147.58,2004,2004,2,18,3,male,52.47
Sorell,-42.769,147.58,2004,2004,2,18,3,male,67.51
Sorell,-42.769,147.58,2004,2004,2,19,3,male,51.17
Sorell,-42.769,147.58,2004,2004,2,19,4,male,57.51
Sorell,-42.769,147.58,2004,2004,3,5,4,male,22.35
Sorell,-42.769,147.58,2004,2004,3,6,4,male,35.26
Sorell,-42.769,147.58,2004,2004,3,9,4,male,64.04
Sorell,-42.769,147.58,2004,2004,3,10,4,male,111.11
Sorell,-42.769,147.58,2004,2004,3,11,4,male,80.10
Sorell,-42.769,147.58,2004,2004,3,13,4,male,33.36
Sorell,-42.769,147.58,2004,2004,3,14,4,male,34.19
Sorell,-42.769,147.58,2004,2004,3,15,4,male,57.43
Sorell,-42.769,147.58,2004,2004,3,16,4,male,45.50
Sorell,-42.769,147.58,2004,2004,3,17,4,male,56.17
Sorell,-42.769,147.58,2004,2004,3,18,4,male,39.26
Sorell,-42.769,147.58,2004,2004,3,18,4,male,51.49
Sorell,-42.769,147.58,2004,2004,3,19,4,male,50.18
