Population,Latitude,Longitude,Year_start,Year_end,Season,Sex,Individual,Dbir3,Dbir3,Dser6,Dser6,Dser16,Dser16,Dser34,Dser34,Dser75,Dser75,Dser 10,Dser 10,Dser18 ,Dser18 ,Dser 21,Dser 21,Dser15,Dser15,Dser13 ,Dser13 
Brunswick_Heads,-28.31,153.54,1999,1999,postwinter,F,1,269,271,130,132,139,141,144,146,249,249,141,141,120,122,163,162,174,182,246,246
Brunswick_Heads,-28.31,153.54,1999,1999,postwinter,F,2,281,287,132,132,141,143,136,156,249,249,141,141,122,146,,,171,176,244,246
Brunswick_Heads,-28.31,153.54,1999,1999,postwinter,F,3,271,271,124,132,141,143,136,154,251,255,141,141,122,134,164,164,174,188,244,246
Brunswick_Heads,-28.31,153.54,1999,1999,postwinter,F,4,275,277,132,144,141,143,148,166,249,249,141,141,122,122,162,169,174,180,244,244
Brunswick_Heads,-28.31,153.54,1999,1999,postwinter,F,6,243,287,147,147,141,145,144,148,245,247,141,141,,,158,158,172,178,248,250
Brunswick_Heads,-28.31,153.54,1999,1999,postwinter,F,7,271,271,124,134,143,143,140,150,249,249,141,141,122,122,156,162,178,188,244,253
Brunswick_Heads,-28.31,153.54,1999,1999,postwinter,F,9,269,269,126,130,145,145,150,168,249,249,141,141,122,122,154,160,176,180,242,248
Brunswick_Heads,-28.31,153.54,1999,1999,postwinter,F,10,271,271,132,144,139,141,158,166,249,249,141,141,122,122,163,164,176,178,244,244
Brunswick_Heads,-28.31,153.54,1999,1999,postwinter,F,11,269,271,132,144,141,143,138,168,255,255,141,141,122,122,159,160,174,174,244,250
Brunswick_Heads,-28.31,153.54,1999,1999,postwinter,F,12,269,273,123,125,137,143,150,162,249,249,141,141,110,122,161,169,174,178,244,244
Brunswick_Heads,-28.31,153.54,1999,1999,postwinter,M,1,271,271,130,133,141,141,168,170,251,251,141,141,122,122,156,160,174,174,248,250
Brunswick_Heads,-28.31,153.54,1999,1999,postwinter,M,2,271,289,125,133,141,141,138,138,249,249,141,141,122,122,160,161,176,180,244,253
Brunswick_Heads,-28.31,153.54,1999,1999,postwinter,M,3,269,279,132,135,141,145,135,144,249,249,141,141,122,122,156,171,182,182,244,248
Brunswick_Heads,-28.31,153.54,1999,1999,postwinter,M,4,269,273,138,144,135,145,148,160,237,249,141,141,112,112,148,167,166,174,244,246
Brunswick_Heads,-28.31,153.54,1999,1999,postwinter,M,5,269,275,124,132,135,139,144,154,249,249,141,141,112,122,149,169,179,180,244,244
Brunswick_Heads,-28.31,153.54,1999,1999,postwinter,M,6,269,289,133,138,139,147,142,142,237,237,141,141,120,122,158,160,174,177,242,244
Brunswick_Heads,-28.31,153.54,1999,1999,postwinter,M,7,269,271,131,143,135,141,138,160,249,249,135,141,122,122,162,163,176,176,244,248
Brunswick_Heads,-28.31,153.54,1999,1999,postwinter,M,8,271,273,130,131,139,141,134,160,249,249,141,141,122,122,,,174,178,244,246
Brunswick_Heads,-28.31,153.54,1999,1999,postwinter,M,9,271,277,132,134,135,141,134,170,249,249,141,141,122,122,150,156,174,178,244,246
Brunswick_Heads,-28.31,153.54,1999,1999,postwinter,M,10,245,275,131,132,141,141,140,140,249,249,141,141,122,122,,,172,172,244,244
Brunswick_Heads,-28.31,153.54,1999,1999,postwinter,M,11,279,279,124,125,141,141,130,162,249,249,141,141,94,120,162,172,177,178,244,244
Brunswick_Heads,-28.31,153.54,1999,1999,postwinter,M,12,269,271,123,125,141,143,136,144,249,249,141,141,122,122,162,164,173,177,244,253
Ballina,-28.51,153.50,1999,1999,postwinter,F,1,271,279,132,148,139,141,140,140,249,249,141,145,112,122,158,173,173,173,244,246
Ballina,-28.51,153.50,1999,1999,postwinter,F,2,269,281,131,133,141,147,160,168,249,249,141,141,122,122,160,176,175,175,244,246
Ballina,-28.51,153.50,1999,1999,postwinter,F,3,269,269,125,135,137,143,142,150,249,251,141,141,120,122,166,167,174,188,244,244
Ballina,-28.51,153.50,1999,1999,postwinter,F,5,269,275,138,142,143,143,164,170,237,249,141,141,122,132,162,164,174,178,244,244
Ballina,-28.51,153.50,1999,1999,postwinter,F,6,271,275,132,133,141,141,140,140,249,249,141,141,122,122,155,167,175,175,244,244
Ballina,-28.51,153.50,1999,1999,postwinter,F,7,257,269,135,146,141,143,142,152,249,251,141,141,120,120,157,158,178,188,244,253
Ballina,-28.51,153.50,1999,1999,postwinter,F,8,271,275,131,154,137,137,146,162,249,249,141,141,120,122,149,158,174,178,242,246
Ballina,-28.51,153.50,1999,1999,postwinter,F,9,257,269,129,134,141,143,152,172,249,249,141,141,122,122,158,162,176,180,244,246
Ballina,-28.51,153.50,1999,1999,postwinter,F,10,275,289,125,125,141,145,128,178,249,249,141,141,112,122,158,166,173,180,244,257
Ballina,-28.51,153.50,1999,1999,postwinter,F,11,271,275,124,142,139,141,136,140,249,249,141,141,122,122,158,166,178,178,242,244
Ballina,-28.51,153.50,1999,1999,postwinter,F,12,269,271,125,144,141,145,156,168,249,249,141,141,,,,,,,244,246
Ballina,-28.51,153.50,1999,1999,postwinter,F,13,269,275,124,131,137,141,142,144,249,249,141,141,112,122,,,174,178,244,246
Ballina,-28.51,153.50,1999,1999,postwinter,M,1,271,273,125,140,139,141,,,239,251,,,112,122,,,174,178,242,242
Ballina,-28.51,153.50,1999,1999,postwinter,M,2,271,275,141,144,141,141,130,154,247,249,,,122,122,,,174,182,244,246
Ballina,-28.51,153.50,1999,1999,postwinter,M,3,269,271,132,144,137,141,128,158,249,249,,,122,122,,,176,180,242,244
Ballina,-28.51,153.50,1999,1999,postwinter,M,4,243,271,125,132,141,143,138,142,251,251,140,141,122,122,,,178,178,,
Ballina,-28.51,153.50,1999,1999,postwinter,M,5,269,277,131,133,,,138,148,249,251,,,,,,,168,180,,
Ballina,-28.51,153.50,1999,1999,postwinter,M,6,271,271,144,144,141,141,140,158,249,249,,,112,122,,,166,177,,
Ballina,-28.51,153.50,1999,1999,postwinter,M,7,271,279,132,132,141,141,138,158,247,249,135,141,122,122,163,167,168,174,244,251
Ballina,-28.51,153.50,1999,1999,postwinter,M,8,269,277,144,165,135,141,136,162,249,249,141,141,122,122,159,172,169,183,244,246
Crescent_Head,-31.10,152.99,1999,1999,postwinter,F,1,,,126,142,141,141,156,168,249,249,141,141,122,122,,,172,178,244,244
Crescent_Head,-31.10,152.99,1999,1999,postwinter,F,3,269,277,132,132,141,141,130,156,251,251,141,141,118,122,,,174,178,244,244
Crescent_Head,-31.10,152.99,1999,1999,postwinter,F,4,269,271,132,142,137,141,150,168,249,249,,,122,122,164,168,174,176,244,246
Crescent_Head,-31.10,152.99,1999,1999,postwinter,F,5,,,130,144,141,141,140,140,249,253,141,141,122,122,,,178,178,242,244
Crescent_Head,-31.10,152.99,1999,1999,postwinter,F,7,247,273,144,144,141,141,152,168,249,249,,,122,122,160,166,167,174,236,244
Crescent_Head,-31.10,152.99,1999,1999,postwinter,F,8,255,267,130,132,,,146,152,,,,,120,122,,,184,184,,
Crescent_Head,-31.10,152.99,1999,1999,postwinter,F,9,269,271,144,144,137,145,122,156,249,249,133,141,122,122,158,164,172,177,242,244
Crescent_Head,-31.10,152.99,1999,1999,postwinter,F,10,269,271,145,146,141,143,138,149,249,249,141,141,122,122,164,170,174,176,244,253
Crescent_Head,-31.10,152.99,1999,1999,postwinter,M,1,273,275,130,130,139,145,154,154,249,249,141,141,122,122,,,176,187,244,251
Crescent_Head,-31.10,152.99,1999,1999,postwinter,M,2,271,271,136,148,141,149,152,154,247,249,141,141,,,160,170,167,174,248,248
Crescent_Head,-31.10,152.99,1999,1999,postwinter,M,3,267,271,136,136,141,145,134,160,247,249,,,122,122,,,172,174,,
Crescent_Head,-31.10,152.99,1999,1999,postwinter,M,4,271,277,125,133,141,143,134,150,249,249,,,122,122,154,190,180,210,,
Crescent_Head,-31.10,152.99,1999,1999,postwinter,M,5,269,271,124,130,137,141,146,160,249,249,141,141,122,132,,,174,178,251,251
Crescent_Head,-31.10,152.99,1999,1999,postwinter,M,6,273,275,132,133,141,141,134,174,249,249,141,141,122,122,160,160,178,185,244,246
Crescent_Head,-31.10,152.99,1999,1999,postwinter,M,7,271,271,132,146,141,143,134,168,239,249,,,122,122,,,174,182,,
Crescent_Head,-31.10,152.99,1999,1999,postwinter,M,8,269,275,132,138,135,141,134,168,247,251,141,141,122,122,162,164,177,182,244,246
Crescent_Head,-31.10,152.99,1999,1999,postwinter,M,9,271,273,130,132,141,141,140,150,249,249,141,141,122,122,173,173,174,174,244,246
Crescent_Head,-31.10,152.99,1999,1999,postwinter,M,10,275,275,125,142,141,141,144,168,249,249,,,94,94,160,166,178,178,251,253
Crescent_Head,-31.10,152.99,1999,1999,postwinter,M,11,269,269,145,146,135,139,144,160,249,251,141,141,122,122,164,170,172,182,246,246
Fingal_Head,-28.12,153.43,1999,1999,postwinter,F,1,271,285,132,136,135,141,166,166,247,249,139,141,110,122,161,164,174,184,244,244
Fingal_Head,-28.12,153.43,1999,1999,postwinter,F,2,271,273,124,129,139,141,142,158,251,255,137,141,122,134,158,158,180,184,244,244
Fingal_Head,-28.12,153.43,1999,1999,postwinter,F,3,263,273,130,149,141,141,124,144,249,249,141,141,86,122,160,164,174,177,244,244
Fingal_Head,-28.12,153.43,1999,1999,postwinter,F,4,269,277,132,132,141,141,142,166,248,249,141,141,122,122,158,159,172,173,244,244
Fingal_Head,-28.12,153.43,1999,1999,postwinter,F,5,277,281,132,138,141,145,144,156,249,249,141,141,122,122,161,162,178,180,244,246
Fingal_Head,-28.12,153.43,1999,1999,postwinter,F,6,269,273,125,130,141,143,142,151,249,249,141,141,120,122,146,156,174,178,244,244
Fingal_Head,-28.12,153.43,1999,1999,postwinter,M,1,273,273,125,132,139,141,146,150,247,249,141,141,122,122,164,173,180,180,244,244
Fingal_Head,-28.12,153.43,1999,1999,postwinter,M,2,271,275,144,144,141,141,134,136,239,249,141,141,122,122,152,167,177,178,246,251
Fingal_Head,-28.12,153.43,1999,1999,postwinter,M,3,269,271,131,131,135,141,132,156,239,255,141,141,122,134,155,164,174,177,246,251
Fingal_Head,-28.12,153.43,1999,1999,postwinter,M,4,269,271,132,132,135,141,140,160,237,248,141,141,122,122,158,166,178,178,243,244
Fingal_Head,-28.12,153.43,1999,1999,postwinter,M,5,277,277,130,144,141,143,146,146,251,255,141,141,122,122,146,177,174,180,248,248
Fingal_Head,-28.12,153.43,1999,1999,postwinter,M,6,267,273,134,136,139,141,138,162,249,249,141,141,122,122,160,162,172,173,244,244
Fingal_Head,-28.12,153.43,1999,1999,postwinter,M,7,265,271,131,133,,,160,172,251,251,141,141,122,132,160,164,178,180,242,244
Fingal_Head,-28.12,153.43,1999,1999,postwinter,M,8,269,275,125,144,135,141,130,142,237,237,141,141,122,134,158,164,174,175,244,244
Fingal_Head,-28.12,153.43,1999,1999,postwinter,M,9,269,275,125,131,143,145,138,142,247,249,141,141,122,122,158,172,180,182,244,246
Kingscliff,-28.15,153.46,1999,1999,postwinter,F,1,271,277,132,141,135,141,152,170,249,249,141,141,122,122,162,166,177,180,246,246
Kingscliff,-28.15,153.46,1999,1999,postwinter,F,3,271,275,148,148,143,143,142,158,249,249,141,141,122,122,158,161,174,174,244,244
Kingscliff,-28.15,153.46,1999,1999,postwinter,F,4,265,269,132,132,131,141,144,150,249,249,141,141,122,122,158,164,174,180,244,246
Kingscliff,-28.15,153.46,1999,1999,postwinter,F,5,271,271,132,146,141,143,135,150,249,249,137,141,122,122,156,158,176,186,246,248
Kingscliff,-28.15,153.46,1999,1999,postwinter,F,6,273,275,133,135,141,145,154,154,247,249,141,141,122,132,158,162,176,177,246,246
Kingscliff,-28.15,153.46,1999,1999,postwinter,F,7,271,275,126,133,141,145,138,140,249,249,141,141,122,122,162,164,174,174,246,246
Kingscliff,-28.15,153.46,1999,1999,postwinter,F,8,271,271,130,130,141,143,138,152,249,249,141,141,120,120,158,158,173,178,244,244
Kingscliff,-28.15,153.46,1999,1999,postwinter,F,9,271,281,142,144,137,141,147,154,249,249,141,141,122,122,166,167,172,205,246,250
Kingscliff,-28.15,153.46,1999,1999,postwinter,F,10,271,271,132,146,141,143,140,160,242,249,141,141,122,122,163,163,180,180,,
Kingscliff,-28.15,153.46,1999,1999,postwinter,F,11,271,271,132,136,141,141,138,156,249,249,141,141,110,122,152,158,174,178,244,246
Kingscliff,-28.15,153.46,1999,1999,postwinter,F,12,273,273,124,145,141,141,138,158,249,249,141,141,122,122,158,166,178,188,234,244
Kingscliff,-28.15,153.46,1999,1999,postwinter,F,13,271,273,130,133,145,145,168,170,249,251,141,141,122,122,156,169,184,186,244,244
Kingscliff,-28.15,153.46,1999,1999,postwinter,M,1,263,269,132,144,141,143,132,150,247,247,141,141,122,132,163,182,174,174,242,244
Kingscliff,-28.15,153.46,1999,1999,postwinter,M,2,271,273,132,146,141,143,140,158,249,249,141,141,122,122,152,152,176,178,244,244
Kingscliff,-28.15,153.46,1999,1999,postwinter,M,3,271,271,130,132,137,139,162,168,237,249,141,141,120,122,162,166,178,188,244,244
Kingscliff,-28.15,153.46,1999,1999,postwinter,M,4,241,269,134,145,141,145,144,160,248,249,141,141,122,122,160,167,166,174,244,244
Kingscliff,-28.15,153.46,1999,1999,postwinter,M,5,275,283,131,133,141,141,142,144,249,249,141,141,122,122,153,162,174,178,244,246
Kingscliff,-28.15,153.46,1999,1999,postwinter,M,6,271,277,125,141,141,141,160,172,249,249,141,141,122,122,160,166,168,178,244,246
Kingscliff,-28.15,153.46,1999,1999,postwinter,M,7,275,279,125,169,141,141,138,156,249,249,141,141,122,122,162,162,175,188,242,244
Kingscliff,-28.15,153.46,1999,1999,postwinter,M,8,273,277,124,132,141,141,136,160,247,249,141,141,122,122,,,175,180,244,244
Kingscliff,-28.15,153.46,1999,1999,postwinter,M,9,257,289,144,146,141,143,156,164,247,249,141,141,122,122,158,169,172,176,244,244
Kingscliff,-28.15,153.46,1999,1999,postwinter,M,10,271,277,132,149,141,143,128,138,249,249,141,141,122,122,151,162,172,184,,
Kingscliff,-28.15,153.46,1999,1999,postwinter,M,12,273,279,124,144,139,141,126,142,249,251,141,141,122,122,156,164,178,178,244,244
Kingscliff,-28.15,153.46,1999,1999,postwinter,M,13,271,277,134,154,141,145,146,162,249,251,141,141,122,122,165,167,178,180,244,244
Brisban_Keppera_Park,-27.24,152.98,1999,1999,postwinter,F,1,269,275,124,133,131,141,138,150,249,249,141,145,122,122,164,171,177,180,244,244
Brisban_Keppera_Park,-27.24,152.98,1999,1999,postwinter,F,2,269,269,129,141,141,141,138,158,239,249,141,141,122,122,156,166,180,182,244,244
Brisban_Keppera_Park,-27.24,152.98,1999,1999,postwinter,F,3,275,291,147,168,,,140,140,,,141,141,94,94,,,150,150,,
Brisban_Keppera_Park,-27.24,152.98,1999,1999,postwinter,F,4,275,287,130,130,135,141,160,164,247,249,141,141,122,122,167,168,174,180,250,250
Brisban_Keppera_Park,-27.24,152.98,1999,1999,postwinter,F,5,277,283,131,146,141,141,132,144,237,237,141,141,122,122,161,163,174,180,246,251
Brisban_Keppera_Park,-27.24,152.98,1999,1999,postwinter,F,6,271,279,124,128,141,141,136,136,237,249,135,141,122,122,150,167,174,177,,
Brisban_Keppera_Park,-27.24,152.98,1999,1999,postwinter,F,7,269,273,138,144,141,141,134,138,247,247,141,141,120,122,158,172,175,181,248,251
Brisban_Keppera_Park,-27.24,152.98,1999,1999,postwinter,F,9,271,277,129,144,139,141,156,168,247,249,141,141,120,120,163,163,180,184,248,251
Brisban_Keppera_Park,-27.24,152.98,1999,1999,postwinter,F,10,273,273,123,124,141,141,130,162,249,249,141,141,122,122,149,162,174,184,244,257
Brisban_Keppera_Park,-27.24,152.98,1999,1999,postwinter,F,12,271,271,136,138,141,145,140,160,249,249,135,141,122,122,163,172,177,177,244,244
Brisban_Keppera_Park,-27.24,152.98,1999,1999,postwinter,M,1,271,275,133,133,143,143,142,204,248,249,141,141,122,132,164,164,178,180,244,244
Brisban_Keppera_Park,-27.24,152.98,1999,1999,postwinter,M,2,269,277,124,132,141,141,142,146,249,249,135,141,122,122,162,162,182,182,244,244
Brisban_Keppera_Park,-27.24,152.98,1999,1999,postwinter,M,3,269,277,149,150,135,137,138,152,247,249,133,141,120,122,158,169,180,182,242,246
Brisban_Keppera_Park,-27.24,152.98,1999,1999,postwinter,M,4,269,281,133,149,141,141,138,150,249,249,141,141,122,132,158,179,174,180,244,244
Brisban_Keppera_Park,-27.24,152.98,1999,1999,postwinter,M,5,265,279,144,150,131,133,135,150,247,249,141,141,86,120,155,198,174,184,242,244
Brisban_Keppera_Park,-27.24,152.98,1999,1999,postwinter,M,6,269,269,124,132,141,145,135,142,249,249,141,141,122,122,160,167,172,178,242,244
Brisban_Keppera_Park,-27.24,152.98,1999,1999,postwinter,M,7,267,285,133,136,135,141,138,138,249,249,141,141,122,122,160,173,180,180,244,257
Brisban_Keppera_Park,-27.24,152.98,1999,1999,postwinter,M,8,269,277,132,141,135,141,144,174,247,249,141,141,122,122,162,164,172,174,244,244
Brisban_Keppera_Park,-27.24,152.98,1999,1999,postwinter,M,9,275,275,132,144,137,143,148,162,249,249,141,141,120,122,164,166,172,174,244,251
Brisban_Keppera_Park,-27.24,152.98,1999,1999,postwinter,M,10,275,275,132,149,141,141,142,168,249,249,141,141,122,122,158,163,172,181,242,255
Brisban_Keppera_Park,-27.24,152.98,1999,1999,postwinter,M,11,269,271,125,130,143,145,136,136,249,251,141,141,122,122,156,156,176,177,244,251
Manning_Point,-31.58,152.81,1999,1999,postwinter,F,2,267,267,142,143,143,143,144,160,248,249,,,122,122,162,164,175,175,244,244
Manning_Point,-31.58,152.81,1999,1999,postwinter,F,3,271,271,,,137,141,146,166,241,249,,,122,122,158,164,172,174,244,244
Manning_Point,-31.58,152.81,1999,1999,postwinter,F,4,257,271,132,132,,,140,152,247,251,135,135,,,,,174,174,,
Manning_Point,-31.58,152.81,1999,1999,postwinter,F,5,271,281,132,134,135,141,150,172,249,249,141,141,122,122,163,165,178,180,236,251
Manning_Point,-31.58,152.81,1999,1999,postwinter,F,6,269,281,132,135,141,141,144,160,249,249,,,120,122,164,166,174,186,246,246
Manning_Point,-31.58,152.81,1999,1999,postwinter,F,8,,,,,137,141,134,136,249,249,141,141,122,122,160,166,177,178,246,246
Manning_Point,-31.58,152.81,1999,1999,postwinter,F,9,271,271,135,138,141,141,134,142,239,251,135,141,122,122,162,162,174,177,242,244
Manning_Point,-31.58,152.81,1999,1999,postwinter,F,11,269,271,130,130,141,143,138,144,249,249,141,141,122,122,166,166,176,177,244,246
Manning_Point,-31.58,152.81,1999,1999,postwinter,F,12,275,277,132,137,141,141,136,136,249,249,141,141,120,122,,,168,174,242,246
Manning_Point,-31.58,152.81,1999,1999,postwinter,F,13,,,,,141,141,134,174,249,249,,,,,,,,,,
Manning_Point,-31.58,152.81,1999,1999,postwinter,M,1,271,273,125,132,141,143,136,136,239,251,135,141,122,122,164,166,178,180,244,253
Manning_Point,-31.58,152.81,1999,1999,postwinter,M,2,269,275,,,135,141,134,168,249,249,,,112,122,160,166,178,182,244,246
Manning_Point,-31.58,152.81,1999,1999,postwinter,M,3,271,271,,,141,141,140,150,249,251,,,122,122,164,164,174,178,244,244
Manning_Point,-31.58,152.81,1999,1999,postwinter,M,4,271,275,125,143,131,141,138,138,247,249,139,141,134,134,157,157,174,177,246,250
Manning_Point,-31.58,152.81,1999,1999,postwinter,M,5,243,273,,,137,141,,,249,249,,,122,122,165,165,174,174,244,244
Manning_Point,-31.58,152.81,1999,1999,postwinter,M,6,,,,,137,137,142,150,249,249,,,122,122,,,,,,
Manning_Point,-31.58,152.81,1999,1999,postwinter,M,7,271,275,144,148,141,141,136,150,249,251,,,122,122,,,168,176,244,246
Manning_Point,-31.58,152.81,1999,1999,postwinter,M,8,271,271,132,134,137,143,152,152,239,239,141,141,122,122,158,170,174,186,244,244
Manning_Point,-31.58,152.81,1999,1999,postwinter,M,9,,,125,132,141,141,160,174,229,239,141,141,122,122,,,182,182,,
Manning_Point,-31.58,152.81,1999,1999,postwinter,M,10,,,133,143,137,141,134,136,249,249,141,141,,,162,168,180,184,,
Manning_Point,-31.58,152.81,1999,1999,postwinter,M,11,,,132,144,141,147,144,156,249,249,141,141,122,132,173,178,174,176,,
Manning_Point,-31.58,152.81,1999,1999,postwinter,M,12,,,124,131,141,141,144,148,239,249,141,141,122,122,156,169,166,177,244,244
Manning_Point,-31.58,152.81,1999,1999,postwinter,M,13,,,131,134,141,141,138,144,249,249,141,143,120,122,163,163,174,180,244,244
Red_Rock,-30.01,153.20,1999,1999,postwinter,F,1,269,271,132,132,141,143,138,144,249,249,141,141,122,122,162,164,,,244,251
Red_Rock,-30.01,153.20,1999,1999,postwinter,F,2,273,277,132,136,141,141,154,162,249,249,139,141,,,,,176,178,242,251
Red_Rock,-30.01,153.20,1999,1999,postwinter,F,3,271,271,132,135,137,143,146,152,249,249,141,141,122,122,162,162,178,178,234,244
Red_Rock,-30.01,153.20,1999,1999,postwinter,F,4,259,271,125,132,135,143,154,172,239,249,,,120,122,160,166,,,234,244
Red_Rock,-30.01,153.20,1999,1999,postwinter,F,5,277,277,132,138,141,145,142,150,249,251,141,141,122,122,160,168,177,177,244,244
Red_Rock,-30.01,153.20,1999,1999,postwinter,F,6,271,273,132,144,141,143,136,150,247,249,141,141,122,122,164,169,174,176,244,244
Red_Rock,-30.01,153.20,1999,1999,postwinter,F,7,269,271,130,134,137,145,142,154,247,249,139,141,122,122,160,176,178,182,244,246
Red_Rock,-30.01,153.20,1999,1999,postwinter,F,8,271,271,138,144,135,141,146,158,249,251,141,141,122,122,166,166,172,177,244,244
Red_Rock,-30.01,153.20,1999,1999,postwinter,F,10,263,272,131,133,141,145,142,146,239,247,141,141,122,122,160,176,178,186,244,244
Red_Rock,-30.01,153.20,1999,1999,postwinter,F,11,269,273,125,132,141,141,130,146,239,249,141,141,110,122,160,168,174,180,244,244
Red_Rock,-30.01,153.20,1999,1999,postwinter,F,12,277,279,132,138,137,143,146,160,249,249,141,141,122,122,158,160,180,180,242,244
Red_Rock,-30.01,153.20,1999,1999,postwinter,F,13,271,273,124,155,143,145,130,146,249,249,141,141,122,132,160,162,174,178,244,244
Red_Rock,-30.01,153.20,1999,1999,postwinter,F,14,267,269,145,145,141,145,132,160,249,249,141,141,122,122,160,161,173,174,244,246
Red_Rock,-30.01,153.20,1999,1999,postwinter,F,15,271,277,130,149,141,141,140,148,247,247,141,141,122,122,164,172,174,178,244,244
Red_Rock,-30.01,153.20,1999,1999,postwinter,F,16,271,271,144,149,135,141,134,174,249,249,,,122,122,,,168,180,234,246
Red_Rock,-30.01,153.20,1999,1999,postwinter,F,17,269,269,144,149,143,143,138,144,249,249,141,141,122,122,,,174,176,244,246
Red_Rock,-30.01,153.20,1999,1999,postwinter,F,18,,,131,134,145,145,144,151,239,249,141,141,120,122,153,166,172,180,244,244
Red_Rock,-30.01,153.20,1999,1999,postwinter,F,19,271,271,149,149,141,141,134,174,247,247,,,120,122,164,164,174,176,244,246
Red_Rock,-30.01,153.20,1999,1999,postwinter,M,1,269,275,125,132,141,143,134,138,,,135,141,122,122,164,169,178,178,234,244
Red_Rock,-30.01,153.20,1999,1999,postwinter,M,2,,,138,151,141,147,142,150,249,249,,,,,174,181,174,178,244,244
Red_Rock,-30.01,153.20,1999,1999,postwinter,M,3,269,275,131,150,137,141,148,148,247,247,,,122,122,,,172,174,234,244
Red_Rock,-30.01,153.20,1999,1999,postwinter,M,4,,,125,132,137,141,120,156,239,249,,,120,122,,,182,182,244,253
Red_Rock,-30.01,153.20,1999,1999,postwinter,M,5,,,130,133,141,143,146,146,249,249,137,141,122,122,164,164,168,184,244,251
Red_Rock,-30.01,153.20,1999,1999,postwinter,M,6,,,133,144,141,143,,,249,265,141,141,120,122,158,162,178,178,236,244
Red_Rock,-30.01,153.20,1999,1999,postwinter,M,7,,,132,149,135,141,138,156,249,249,141,141,122,132,160,160,176,182,244,244
Red_Rock,-30.01,153.20,1999,1999,postwinter,M,8,,,125,146,141,143,142,150,247,249,141,141,122,122,,,180,188,,
Red_Rock,-30.01,153.20,1999,1999,postwinter,M,9,271,273,136,148,137,141,138,142,249,249,,,122,122,,,174,174,244,246
Red_Rock,-30.01,153.20,1999,1999,postwinter,M,10,263,271,125,133,135,141,134,134,253,255,133,141,,,166,166,180,188,244,246
Red_Rock,-30.01,153.20,1999,1999,postwinter,M,11,269,271,134,146,141,141,,,249,255,141,141,122,122,,,174,182,244,251
Red_Rock,-30.01,153.20,1999,1999,postwinter,M,12,273,279,132,133,133,141,134,134,249,249,,,94,94,,,178,186,244,246
Seal_Rocks,-32.12,152.49,1999,1999,postwinter,F,1,269,269,131,145,141,141,135,146,249,249,141,143,122,122,160,164,176,178,244,244
Seal_Rocks,-32.12,152.49,1999,1999,postwinter,F,2,269,271,133,144,,,136,136,249,249,141,141,112,122,160,160,177,180,244,253
Seal_Rocks,-32.12,152.49,1999,1999,postwinter,F,4,245,273,134,149,137,143,,,239,251,141,141,122,122,149,160,174,174,244,246
Seal_Rocks,-32.12,152.49,1999,1999,postwinter,F,5,269,269,132,138,,,134,136,249,251,141,141,110,122,160,167,175,176,244,246
Seal_Rocks,-32.12,152.49,1999,1999,postwinter,F,6,271,271,124,154,135,141,146,154,249,251,141,141,122,122,152,163,178,186,246,251
Seal_Rocks,-32.12,152.49,1999,1999,postwinter,M,1,271,275,132,135,141,141,,,249,251,135,141,122,122,162,164,174,182,244,244
Seal_Rocks,-32.12,152.49,1999,1999,postwinter,M,2,269,271,131,140,135,141,140,142,241,249,141,141,122,122,161,163,177,180,238,251
Seal_Rocks,-32.12,152.49,1999,1999,postwinter,M,4,269,271,124,137,141,145,136,136,251,251,141,141,112,122,,,174,178,,
Terrigal,-33.26,151.43,1999,1999,postwinter,F,1,269,271,132,137,141,141,134,134,249,249,140,141,122,122,160,164,173,174,244,244
Terrigal,-33.26,151.43,1999,1999,postwinter,F,2,271,273,136,138,141,141,148,154,247,251,141,141,112,122,,,174,184,244,251
Terrigal,-33.26,151.43,1999,1999,postwinter,F,4,275,277,130,144,143,143,148,170,249,249,135,141,122,122,,,180,180,,
Terrigal,-33.26,151.43,1999,1999,postwinter,F,5,269,271,129,133,,,138,158,237,239,141,141,,,,,174,178,,
Terrigal,-33.26,151.43,1999,1999,postwinter,F,6,271,271,125,131,135,143,140,168,249,251,141,141,122,122,,,172,176,,
Terrigal,-33.26,151.43,1999,1999,postwinter,F,7,269,275,125,125,135,143,148,194,249,249,135,141,120,122,149,158,174,178,244,244
Terrigal,-33.26,151.43,1999,1999,postwinter,F,8,269,275,131,132,141,145,146,156,249,249,141,141,122,122,162,162,174,178,244,244
Terrigal,-33.26,151.43,1999,1999,postwinter,F,9,263,271,124,125,141,141,136,140,249,251,141,141,122,122,,,172,180,244,244
Terrigal,-33.26,151.43,1999,1999,postwinter,M,1,271,279,131,144,141,143,140,164,249,249,141,141,120,122,161,162,176,178,244,244
Terrigal,-33.26,151.43,1999,1999,postwinter,M,2,269,271,125,144,135,145,134,180,237,239,141,141,,,,,174,180,,
Terrigal,-33.26,151.43,1999,1999,postwinter,M,3,273,273,130,138,141,141,146,158,249,249,141,141,118,122,160,172,178,180,240,246
Terrigal,-33.26,151.43,1999,1999,postwinter,M,4,269,277,148,148,137,141,146,146,239,251,141,141,,,,,178,182,,
Terrigal,-33.26,151.43,1999,1999,postwinter,M,5,269,269,133,144,,,166,172,239,249,141,141,122,122,,,179,179,234,240
Terrigal,-33.26,151.43,1999,1999,postwinter,M,6,267,275,125,146,135,143,132,138,247,249,141,141,122,122,,,188,188,244,244
Terrigal,-33.26,151.43,1999,1999,postwinter,M,7,263,283,125,130,,,136,160,239,239,141,141,122,122,,,178,178,,
Terrigal,-33.26,151.43,1999,1999,postwinter,M,8,269,271,144,144,141,143,158,170,239,249,141,141,122,122,,,184,184,242,244
Terrigal,-33.26,151.43,1999,1999,postwinter,M,9,271,271,132,144,141,141,148,160,251,251,135,141,120,122,151,153,177,177,244,244
Terrigal,-33.26,151.43,1999,1999,postwinter,M,10,273,285,132,136,,,138,152,239,251,141,141,,,,,174,177,,
Terrigal,-33.26,151.43,1999,1999,postwinter,M,11,269,273,125,144,141,141,160,168,239,247,135,137,122,132,,,177,178,246,246
Wollongong,-34.24,150.94,1999,1999,postwinter,F,1,273,275,128,131,137,140,136,174,239,249,,,122,122,,,174,174,244,244
Brunswick_Heads,-28.31,153.54,1999,1999,prewinter,F,1,271,277,130,132,141,141,138,152,249,249,141,141,122,122,155,156,176,182,244,244
Brunswick_Heads,-28.31,153.54,1999,1999,prewinter,F,2,271,275,125,137,141,141,150,160,237,249,141,143,122,122,149,158,166,176,244,244
Brunswick_Heads,-28.31,153.54,1999,1999,prewinter,F,3,271,277,138,141,135,145,130,176,243,249,141,141,122,122,160,166,180,182,244,251
Brunswick_Heads,-28.31,153.54,1999,1999,prewinter,F,4,277,277,130,132,141,143,134,152,249,249,141,141,122,122,149,160,174,184,244,248
Brunswick_Heads,-28.31,153.54,1999,1999,prewinter,F,7,271,275,125,144,141,141,130,138,247,249,141,141,120,122,160,162,174,188,244,244
Brunswick_Heads,-28.31,153.54,1999,1999,prewinter,F,8,269,271,125,131,137,141,146,146,249,249,141,141,122,132,161,162,176,194,244,244
Brunswick_Heads,-28.31,153.54,1999,1999,prewinter,F,9,275,277,131,132,141,143,156,166,248,249,141,141,122,122,158,161,168,174,244,244
Brunswick_Heads,-28.31,153.54,1999,1999,prewinter,F,10,271,271,132,136,135,141,142,152,237,249,141,141,122,134,156,167,172,180,244,244
Brunswick_Heads,-28.31,153.54,1999,1999,prewinter,F,11,271,281,132,138,141,141,134,156,249,255,141,141,122,122,165,190,174,184,244,246
Brunswick_Heads,-28.31,153.54,1999,1999,prewinter,F,12,269,269,125,133,135,143,138,166,249,249,141,141,122,122,162,166,174,174,251,251
Brunswick_Heads,-28.31,153.54,1999,1999,prewinter,F,13,261,275,125,132,135,141,128,168,249,249,141,141,122,122,162,170,172,180,248,248
Brunswick_Heads,-28.31,153.54,1999,1999,prewinter,F,14,269,275,125,135,137,141,152,154,248,249,141,141,122,122,162,162,168,180,244,246
Brunswick_Heads,-28.31,153.54,1999,1999,prewinter,F,15,269,271,138,142,141,141,142,174,248,248,141,141,120,122,164,169,178,180,244,248
Brunswick_Heads,-28.31,153.54,1999,1999,prewinter,M,2,269,275,132,149,135,145,152,172,237,237,141,141,122,122,160,160,180,184,242,251
Brunswick_Heads,-28.31,153.54,1999,1999,prewinter,M,3,271,271,130,144,141,143,166,174,249,249,141,141,122,122,,,174,194,244,244
Brunswick_Heads,-28.31,153.54,1999,1999,prewinter,M,4,271,275,132,133,141,141,150,160,239,249,141,141,120,122,158,158,176,180,244,244
Brunswick_Heads,-28.31,153.54,1999,1999,prewinter,M,5,271,277,144,146,141,141,168,168,249,249,139,141,120,122,164,167,176,182,234,244
Brunswick_Heads,-28.31,153.54,1999,1999,prewinter,M,7,,,133,149,,,140,160,249,249,141,141,122,122,,,176,180,,
Brunswick_Heads,-28.31,153.54,1999,1999,prewinter,M,8,241,272,132,132,143,143,162,164,249,251,141,141,122,132,152,152,174,176,242,244
Brunswick_Heads,-28.31,153.54,1999,1999,prewinter,M,9,271,287,132,132,141,143,158,164,247,251,141,141,122,122,161,167,174,174,251,251
Brunswick_Heads,-28.31,153.54,1999,1999,prewinter,M,10,,,124,135,135,141,154,162,249,249,141,141,122,122,162,169,174,180,244,244
Brunswick_Heads,-28.31,153.54,1999,1999,prewinter,M,11,277,277,130,133,141,141,138,146,237,249,141,141,122,122,153,166,176,184,244,244
Brunswick_Heads,-28.31,153.54,1999,1999,prewinter,M,12,273,277,125,144,141,143,156,162,237,239,137,141,122,122,151,162,174,182,244,246
Brunswick_Heads,-28.31,153.54,1999,1999,prewinter,M,14,269,269,125,134,140,141,144,160,249,249,141,141,122,122,156,160,178,180,244,251
Brunswick_Heads,-28.31,153.54,1999,1999,prewinter,M,15,,,130,142,142,141,156,160,239,249,141,141,,,160,167,178,178,244,248
Ballina,-28.51,153.50,1999,1999,prewinter,F,1,269,271,124,138,139,139,134,140,249,249,141,141,122,122,154,178,172,187,246,251
Ballina,-28.51,153.50,1999,1999,prewinter,F,2,269,283,130,132,135,141,130,130,245,249,141,141,122,122,162,174,168,184,244,248
Ballina,-28.51,153.50,1999,1999,prewinter,F,3,271,271,131,135,141,141,130,154,238,249,133,141,120,122,,,172,178,244,244
Ballina,-28.51,153.50,1999,1999,prewinter,F,4,275,283,134,135,135,141,132,164,249,255,141,141,122,122,162,167,172,180,242,251
Ballina,-28.51,153.50,1999,1999,prewinter,F,5,275,275,130,143,143,143,144,160,249,249,131,141,122,122,166,171,177,180,242,246
Ballina,-28.51,153.50,1999,1999,prewinter,F,7,269,269,124,130,139,145,130,174,251,251,141,141,110,122,156,166,174,178,244,246
Ballina,-28.51,153.50,1999,1999,prewinter,F,8,269,269,124,131,139,141,160,168,238,249,141,141,112,122,160,167,173,178,244,251
Ballina,-28.51,153.50,1999,1999,prewinter,F,9,269,281,131,144,137,141,138,160,237,249,141,141,122,122,160,162,170,181,244,248
Ballina,-28.51,153.50,1999,1999,prewinter,F,10,269,271,124,124,141,145,150,166,237,251,141,141,122,122,,,172,174,244,251
Ballina,-28.51,153.50,1999,1999,prewinter,F,12,265,275,144,144,141,141,135,150,249,249,,,122,132,164,164,172,174,244,244
Ballina,-28.51,153.50,1999,1999,prewinter,F,14,269,275,124,132,,,134,164,247,249,141,141,112,122,158,158,177,177,244,248
Ballina,-28.51,153.50,1999,1999,prewinter,F,15,,,132,132,139,143,160,180,,,141,141,112,122,,,178,180,,
Ballina,-28.51,153.50,1999,1999,prewinter,M,2,271,271,125,136,137,141,134,154,237,239,141,141,122,122,167,175,175,177,242,244
Ballina,-28.51,153.50,1999,1999,prewinter,M,3,273,275,131,132,139,141,148,170,237,237,141,141,120,122,,,166,176,242,244
Ballina,-28.51,153.50,1999,1999,prewinter,M,4,269,277,125,138,141,143,135,159,237,249,141,141,122,122,,,182,190,222,240
Ballina,-28.51,153.50,1999,1999,prewinter,M,6,271,283,130,141,141,141,134,154,237,249,141,141,122,122,162,162,168,178,244,251
Ballina,-28.51,153.50,1999,1999,prewinter,M,7,269,269,126,144,135,135,138,140,249,251,141,141,120,122,,,172,174,246,246
Ballina,-28.51,153.50,1999,1999,prewinter,M,8,265,275,133,134,139,139,146,150,238,249,141,141,122,122,145,156,174,178,246,250
Ballina,-28.51,153.50,1999,1999,prewinter,M,9,277,281,136,138,145,147,150,158,249,249,141,141,120,122,159,162,174,176,242,244
Ballina,-28.51,153.50,1999,1999,prewinter,M,12,269,277,132,138,134,135,136,138,249,249,,,122,122,160,161,176,176,244,244
Ballina,-28.51,153.50,1999,1999,prewinter,M,14,271,273,130,154,141,143,138,168,237,249,141,141,122,122,,,178,186,244,244
Crescent_Head,-31.10,152.99,1999,1999,prewinter,F,2,275,277,125,144,135,135,130,138,249,251,141,141,112,122,160,169,174,174,248,253
Crescent_Head,-31.10,152.99,1999,1999,prewinter,F,3,269,271,132,142,139,145,144,146,249,249,141,141,122,134,,,174,176,237,244
Crescent_Head,-31.10,152.99,1999,1999,prewinter,F,4,269,275,136,138,141,143,130,144,238,249,141,141,122,122,151,163,174,174,244,251
Crescent_Head,-31.10,152.99,1999,1999,prewinter,F,5,275,275,132,138,135,141,138,168,249,255,137,141,122,122,,,172,182,244,244
Crescent_Head,-31.10,152.99,1999,1999,prewinter,F,6,269,271,168,170,145,145,134,164,237,249,141,141,112,120,156,162,180,182,244,246
Crescent_Head,-31.10,152.99,1999,1999,prewinter,F,7,271,277,125,134,141,141,156,168,247,247,141,141,122,122,156,160,178,180,244,244
Crescent_Head,-31.10,152.99,1999,1999,prewinter,F,8,265,269,132,147,135,143,136,156,246,249,141,141,112,122,153,166,173,188,232,246
Crescent_Head,-31.10,152.99,1999,1999,prewinter,F,9,269,277,131,138,141,143,142,154,249,249,141,141,122,122,158,158,174,188,243,246
Crescent_Head,-31.10,152.99,1999,1999,prewinter,F,10,269,283,133,142,141,147,146,160,239,249,141,141,122,122,158,158,176,177,242,244
Crescent_Head,-31.10,152.99,1999,1999,prewinter,F,11,243,279,132,132,135,141,142,174,249,249,135,141,120,122,149,162,174,177,248,248
Crescent_Head,-31.10,152.99,1999,1999,prewinter,F,12,273,273,130,130,137,141,166,168,249,251,141,141,122,122,,,174,174,,
Crescent_Head,-31.10,152.99,1999,1999,prewinter,F,13,273,275,129,132,137,141,150,150,249,249,141,141,120,122,164,164,172,178,,
Crescent_Head,-31.10,152.99,1999,1999,prewinter,F,14,271,271,132,135,141,147,146,146,237,251,141,143,122,134,161,161,174,178,244,244
Crescent_Head,-31.10,152.99,1999,1999,prewinter,F,15,275,277,133,134,141,141,130,134,240,251,141,141,112,122,162,162,168,168,242,246
Crescent_Head,-31.10,152.99,1999,1999,prewinter,M,2,269,275,134,134,143,145,138,152,237,249,141,141,112,122,158,164,177,182,244,246
Crescent_Head,-31.10,152.99,1999,1999,prewinter,M,4,275,279,130,136,141,141,168,168,249,249,141,141,122,132,162,166,174,182,244,246
Crescent_Head,-31.10,152.99,1999,1999,prewinter,M,5,258,279,133,149,135,141,156,160,246,249,141,141,122,122,156,158,174,174,244,246
Crescent_Head,-31.10,152.99,1999,1999,prewinter,M,6,271,275,125,144,145,145,138,150,249,249,141,141,122,122,,,180,186,,
Crescent_Head,-31.10,152.99,1999,1999,prewinter,M,7,255,267,141,149,135,141,138,164,249,251,141,141,122,122,160,160,174,176,244,248
Crescent_Head,-31.10,152.99,1999,1999,prewinter,M,8,271,271,125,148,137,141,135,152,249,249,141,141,122,122,162,166,168,175,244,246
Crescent_Head,-31.10,152.99,1999,1999,prewinter,M,9,269,275,131,132,141,143,137,166,251,251,141,141,120,122,158,160,168,180,244,246
Crescent_Head,-31.10,152.99,1999,1999,prewinter,M,10,271,281,133,141,137,141,142,160,249,249,141,141,120,122,,,172,176,244,251
Crescent_Head,-31.10,152.99,1999,1999,prewinter,M,11,269,271,125,133,135,141,152,154,237,251,141,141,122,122,156,171,174,178,242,255
Crescent_Head,-31.10,152.99,1999,1999,prewinter,M,12,269,271,131,132,141,141,150,172,239,249,141,141,122,122,,,172,178,246,251
Crescent_Head,-31.10,152.99,1999,1999,prewinter,M,13,269,283,125,130,141,141,142,144,249,249,141,141,122,122,163,163,177,184,244,251
Crescent_Head,-31.10,152.99,1999,1999,prewinter,M,14,271,275,129,148,141,143,132,158,249,249,141,141,122,122,171,171,182,189,244,244
Crescent_Head,-31.10,152.99,1999,1999,prewinter,M,15,273,279,125,142,141,143,142,146,249,249,141,141,110,132,156,176,174,177,244,244
Fingal_Head,-28.12,153.43,1999,1999,prewinter,F,2,271,283,132,146,141,147,134,152,249,251,141,141,122,122,156,158,174,178,244,246
Fingal_Head,-28.12,153.43,1999,1999,prewinter,F,3,277,281,130,130,145,145,138,166,249,249,137,141,122,122,,,170,178,,
Fingal_Head,-28.12,153.43,1999,1999,prewinter,F,4,275,275,124,144,135,141,138,164,249,249,141,141,,,,,184,184,,
Fingal_Head,-28.12,153.43,1999,1999,prewinter,F,5,269,273,125,138,141,145,138,160,249,249,141,141,120,122,156,158,175,182,238,242
Fingal_Head,-28.12,153.43,1999,1999,prewinter,F,7,273,275,132,133,139,141,136,138,249,249,141,141,122,122,,,177,184,234,242
Fingal_Head,-28.12,153.43,1999,1999,prewinter,M,3,271,273,132,140,141,141,138,150,237,249,141,141,112,122,148,160,177,178,244,246
Fingal_Head,-28.12,153.43,1999,1999,prewinter,M,4,271,275,133,144,141,141,135,138,249,249,141,141,120,122,,,178,178,246,253
Fingal_Head,-28.12,153.43,1999,1999,prewinter,M,5,269,271,131,146,143,143,134,142,249,249,141,141,122,122,160,166,174,180,236,242
Fingal_Head,-28.12,153.43,1999,1999,prewinter,M,7,269,277,151,165,135,135,160,172,249,249,141,141,120,122,159,161,174,184,244,251
Grafton,-29.40,153.07,1999,1999,prewinter,F,1,269,275,144,144,137,141,134,138,249,249,141,141,112,122,168,169,168,176,242,244
Grafton,-29.40,153.07,1999,1999,prewinter,F,2,271,277,125,133,139,145,144,166,249,251,141,141,122,122,160,162,176,176,246,248
Grafton,-29.40,153.07,1999,1999,prewinter,F,3,269,277,133,134,141,145,150,160,249,249,141,141,122,122,156,160,174,180,236,244
Grafton,-29.40,153.07,1999,1999,prewinter,F,4,271,279,133,142,141,143,148,150,249,249,141,141,122,122,162,164,174,188,236,244
Grafton,-29.40,153.07,1999,1999,prewinter,F,5,265,271,129,131,141,145,146,146,249,249,141,141,122,122,,,180,180,244,244
Grafton,-29.40,153.07,1999,1999,prewinter,F,6,275,275,139,147,139,141,130,154,237,249,141,141,122,122,160,164,172,181,242,246
Grafton,-29.40,153.07,1999,1999,prewinter,F,7,273,275,125,136,139,141,140,164,237,249,135,141,122,122,162,164,172,174,244,246
Grafton,-29.40,153.07,1999,1999,prewinter,F,8,245,271,131,132,141,141,160,166,247,249,,,122,122,164,167,177,177,234,244
Grafton,-29.40,153.07,1999,1999,prewinter,F,10,271,273,135,147,135,143,158,164,249,249,141,141,122,122,162,162,173,174,246,246
Grafton,-29.40,153.07,1999,1999,prewinter,F,11,271,283,132,144,135,139,142,170,249,249,141,141,110,122,160,188,172,172,244,249
Grafton,-29.40,153.07,1999,1999,prewinter,F,12,269,273,131,138,141,141,134,160,249,251,141,141,120,122,164,164,174,176,244,246
Grafton,-29.40,153.07,1999,1999,prewinter,F,13,271,271,129,138,141,143,138,148,249,249,141,141,122,122,162,164,180,182,244,251
Grafton,-29.40,153.07,1999,1999,prewinter,F,14,269,271,125,144,141,143,144,166,249,249,141,141,122,122,158,162,172,174,244,244
Grafton,-29.40,153.07,1999,1999,prewinter,F,15,269,271,124,155,141,141,132,146,249,249,141,141,122,122,158,158,176,177,244,244
Grafton,-29.40,153.07,1999,1999,prewinter,M,1,271,279,130,131,135,141,135,180,249,249,141,141,122,122,168,169,174,182,246,251
Grafton,-29.40,153.07,1999,1999,prewinter,M,2,263,271,131,142,135,141,144,150,249,249,141,141,110,120,185,158,178,184,246,253
Grafton,-29.40,153.07,1999,1999,prewinter,M,4,271,273,132,144,135,141,160,168,247,247,141,141,112,122,162,162,178,189,244,244
Grafton,-29.40,153.07,1999,1999,prewinter,M,5,271,271,125,133,141,141,140,150,251,251,141,141,122,122,149,149,174,176,244,264
Grafton,-29.40,153.07,1999,1999,prewinter,M,6,271,271,130,146,135,143,140,178,249,249,141,141,122,122,164,164,178,178,244,244
Grafton,-29.40,153.07,1999,1999,prewinter,M,7,269,269,135,135,139,143,150,166,249,255,141,141,120,132,158,158,176,180,252,252
Grafton,-29.40,153.07,1999,1999,prewinter,M,8,271,277,130,132,141,145,158,162,249,249,141,141,122,122,158,158,174,179,244,244
Grafton,-29.40,153.07,1999,1999,prewinter,M,9,270,275,129,129,141,141,160,160,249,249,141,141,122,122,,,174,203,244,246
Grafton,-29.40,153.07,1999,1999,prewinter,M,10,273,273,125,133,139,141,168,168,249,251,141,141,122,122,167,169,174,182,244,246
Grafton,-29.40,153.07,1999,1999,prewinter,M,11,269,269,144,145,135,141,138,156,249,251,141,141,122,122,,,178,184,244,244
Grafton,-29.40,153.07,1999,1999,prewinter,M,12,269,275,125,132,135,145,146,176,249,249,141,141,122,122,162,164,174,180,244,246
Grafton,-29.40,153.07,1999,1999,prewinter,M,13,271,277,130,142,139,141,146,158,249,249,141,141,120,122,158,162,180,180,244,248
Grafton,-29.40,153.07,1999,1999,prewinter,M,14,273,277,125,131,141,141,138,156,240,249,141,141,122,122,158,162,172,181,244,246
Grafton,-29.40,153.07,1999,1999,prewinter,M,15,277,289,125,144,143,145,170,172,249,249,141,143,122,134,158,158,180,180,242,244
Kingscliff,-28.15,153.46,1999,1999,prewinter,F,1,271,289,125,133,141,145,142,164,239,251,137,141,120,122,150,169,168,177,246,246
Kingscliff,-28.15,153.46,1999,1999,prewinter,F,2,273,275,138,143,141,141,134,158,248,249,141,141,122,122,158,162,174,180,242,244
Kingscliff,-28.15,153.46,1999,1999,prewinter,F,3,265,269,132,133,141,143,144,174,248,249,141,141,122,122,160,160,172,188,242,244
Kingscliff,-28.15,153.46,1999,1999,prewinter,F,4,271,275,138,138,141,141,134,148,249,249,141,141,120,122,161,164,175,178,244,244
Kingscliff,-28.15,153.46,1999,1999,prewinter,F,5,245,269,130,138,141,141,134,166,249,249,141,141,122,122,160,164,174,174,242,244
Kingscliff,-28.15,153.46,1999,1999,prewinter,F,6,269,275,129,131,141,143,142,158,249,249,141,141,122,122,158,158,168,178,244,244
Kingscliff,-28.15,153.46,1999,1999,prewinter,F,7,269,291,124,132,135,141,146,148,249,251,141,141,120,122,162,164,175,178,242,244
Kingscliff,-28.15,153.46,1999,1999,prewinter,F,9,271,277,132,149,140,143,138,152,249,249,141,141,112,122,158,161,174,180,248,253
Kingscliff,-28.15,153.46,1999,1999,prewinter,F,10,269,271,131,132,141,141,148,160,241,241,141,141,122,134,162,176,173,176,248,253
Kingscliff,-28.15,153.46,1999,1999,prewinter,F,12,271,273,126,146,139,143,130,148,249,249,141,141,112,122,160,164,168,174,244,253
Kingscliff,-28.15,153.46,1999,1999,prewinter,F,13,269,271,132,133,143,143,152,152,249,251,141,141,122,122,158,164,174,174,244,244
Kingscliff,-28.15,153.46,1999,1999,prewinter,F,14,275,279,134,147,137,143,146,192,241,241,141,141,122,122,158,160,166,178,244,246
Kingscliff,-28.15,153.46,1999,1999,prewinter,M,1,269,269,126,130,141,141,150,162,239,251,139,141,120,122,150,169,176,180,244,246
Kingscliff,-28.15,153.46,1999,1999,prewinter,M,2,265,271,132,138,141,143,138,152,237,237,141,141,122,122,156,164,176,178,244,248
Kingscliff,-28.15,153.46,1999,1999,prewinter,M,3,275,275,130,132,141,141,138,142,249,249,141,141,120,122,167,172,174,178,244,246
Kingscliff,-28.15,153.46,1999,1999,prewinter,M,4,271,271,124,136,141,141,158,178,,,141,141,122,122,156,156,176,182,244,244
Kingscliff,-28.15,153.46,1999,1999,prewinter,M,5,269,289,141,142,141,145,134,152,,,141,141,122,122,166,168,178,178,244,248
Kingscliff,-28.15,153.46,1999,1999,prewinter,M,6,271,271,125,138,141,141,154,164,249,249,141,141,122,122,162,174,176,178,251,251
Kingscliff,-28.15,153.46,1999,1999,prewinter,M,7,271,275,144,144,135,141,135,138,247,249,135,141,112,122,165,173,174,178,234,244
Kingscliff,-28.15,153.46,1999,1999,prewinter,M,9,270,271,142,162,141,145,138,166,247,249,141,141,112,122,158,167,176,178,244,244
Kingscliff,-28.15,153.46,1999,1999,prewinter,M,10,269,271,124,132,141,141,164,166,249,249,141,141,120,122,164,165,176,186,244,255
Kingscliff,-28.15,153.46,1999,1999,prewinter,M,12,275,277,138,144,135,143,135,156,249,249,141,141,122,122,162,173,176,182,246,246
Kingscliff,-28.15,153.46,1999,1999,prewinter,M,13,271,275,130,132,143,145,140,174,247,247,135,141,122,122,158,160,174,182,244,244
Kingscliff,-28.15,153.46,1999,1999,prewinter,M,14,273,273,125,146,141,143,138,140,,,141,141,122,122,,,174,178,,
Brisban_Keppera_Park,-27.24,152.98,1999,1999,prewinter,F,1,271,271,134,135,141,143,136,162,248,249,141,141,120,122,158,169,174,182,238,246
Brisban_Keppera_Park,-27.24,152.98,1999,1999,prewinter,F,2,275,275,132,132,141,143,152,174,248,249,141,141,112,122,160,179,182,193,244,244
Brisban_Keppera_Park,-27.24,152.98,1999,1999,prewinter,F,3,271,275,138,146,137,143,144,152,249,249,141,141,122,122,152,168,175,176,244,244
Brisban_Keppera_Park,-27.24,152.98,1999,1999,prewinter,F,5,271,273,134,144,139,141,170,198,247,251,135,141,120,122,160,172,174,182,244,246
Brisban_Keppera_Park,-27.24,152.98,1999,1999,prewinter,F,7,265,271,136,144,141,145,154,166,249,249,141,141,120,132,153,164,174,178,246,248
Brisban_Keppera_Park,-27.24,152.98,1999,1999,prewinter,F,8,269,281,125,141,135,137,160,166,248,249,141,141,122,122,160,162,174,174,242,244
Brisban_Keppera_Park,-27.24,152.98,1999,1999,prewinter,F,9,257,269,132,161,145,147,142,144,237,249,140,141,122,122,161,162,174,176,246,246
Brisban_Keppera_Park,-27.24,152.98,1999,1999,prewinter,F,10,271,273,132,132,141,141,138,150,249,249,141,141,122,122,,,168,168,244,248
Brisban_Keppera_Park,-27.24,152.98,1999,1999,prewinter,F,11,275,277,132,143,135,141,134,144,249,249,141,141,122,122,152,158,176,176,236,248
Brisban_Keppera_Park,-27.24,152.98,1999,1999,prewinter,F,12,269,275,134,143,141,143,130,146,237,249,141,141,120,120,158,166,177,184,244,244
Brisban_Keppera_Park,-27.24,152.98,1999,1999,prewinter,F,13,,,134,143,141,145,138,138,,,141,141,,,,,174,178,242,251
Brisban_Keppera_Park,-27.24,152.98,1999,1999,prewinter,F,14,,,133,140,141,145,148,148,249,249,141,141,122,122,152,162,178,178,244,246
Brisban_Keppera_Park,-27.24,152.98,1999,1999,prewinter,F,16,269,273,124,146,135,145,156,166,,,141,141,,,,,177,178,242,248
Brisban_Keppera_Park,-27.24,152.98,1999,1999,prewinter,M,1,271,275,130,132,135,135,144,166,249,249,141,141,112,122,153,164,172,176,242,247
Brisban_Keppera_Park,-27.24,152.98,1999,1999,prewinter,M,2,,,132,135,135,143,138,142,249,249,141,141,122,122,158,158,179,180,244,248
Brisban_Keppera_Park,-27.24,152.98,1999,1999,prewinter,M,3,269,271,132,132,141,145,138,142,249,249,141,141,122,122,160,160,172,176,244,246
Brisban_Keppera_Park,-27.24,152.98,1999,1999,prewinter,M,4,,,132,132,135,141,152,160,247,249,141,141,122,122,156,156,172,174,244,244
Brisban_Keppera_Park,-27.24,152.98,1999,1999,prewinter,M,7,,,124,138,141,143,134,146,249,251,141,141,120,122,163,167,179,180,242,246
Brisban_Keppera_Park,-27.24,152.98,1999,1999,prewinter,M,8,269,269,125,131,137,141,136,140,249,249,141,141,122,122,,,172,178,244,246
Brisban_Keppera_Park,-27.24,152.98,1999,1999,prewinter,M,9,273,275,142,142,143,143,130,170,237,249,141,141,122,122,149,162,176,176,236,244
Brisban_Keppera_Park,-27.24,152.98,1999,1999,prewinter,M,10,275,283,125,138,135,141,120,140,,,135,141,112,122,158,158,174,175,244,246
Brisban_Keppera_Park,-27.24,152.98,1999,1999,prewinter,M,11,271,271,133,146,141,141,,,237,249,141,141,122,122,,,178,186,244,246
Brisban_Keppera_Park,-27.24,152.98,1999,1999,prewinter,M,12,271,281,143,143,135,141,130,144,249,249,133,141,120,120,155,162,174,184,251,251
Brisban_Keppera_Park,-27.24,152.98,1999,1999,prewinter,M,13,271,271,125,132,141,143,138,150,237,249,141,141,,,152,154,178,180,,
Brisban_Keppera_Park,-27.24,152.98,1999,1999,prewinter,M,14,271,275,125,126,135,143,138,140,249,251,141,141,122,132,158,163,174,177,244,244
Brisban_Keppera_Park,-27.24,152.98,1999,1999,prewinter,M,16,275,275,130,130,141,145,156,166,249,249,141,141,122,122,,,168,173,244,244
Manning_Point,-31.58,152.81,1999,1999,prewinter,F,1,269,271,132,144,141,141,134,168,249,249,141,141,122,122,158,158,176,177,244,252
Manning_Point,-31.58,152.81,1999,1999,prewinter,F,2,259,275,133,146,141,143,136,146,237,251,141,141,122,122,149,156,177,178,244,248
Manning_Point,-31.58,152.81,1999,1999,prewinter,F,4,269,271,125,125,141,143,142,150,237,249,141,141,122,122,148,158,176,211,246,248
Manning_Point,-31.58,152.81,1999,1999,prewinter,F,5,271,271,129,135,135,143,138,152,249,249,141,141,122,122,139,170,174,182,244,246
Manning_Point,-31.58,152.81,1999,1999,prewinter,F,6,269,277,125,136,135,141,144,152,249,249,141,141,112,122,154,161,172,176,244,251
Manning_Point,-31.58,152.81,1999,1999,prewinter,F,7,275,277,132,136,141,145,136,170,238,249,141,141,122,122,153,154,174,182,244,246
Manning_Point,-31.58,152.81,1999,1999,prewinter,F,8,273,277,132,138,141,143,152,158,249,251,141,141,110,122,149,160,177,180,244,246
Manning_Point,-31.58,152.81,1999,1999,prewinter,F,9,269,271,135,144,141,143,152,160,249,249,141,141,122,122,158,164,180,208,244,251
Manning_Point,-31.58,152.81,1999,1999,prewinter,F,10,267,269,131,146,141,145,180,194,249,249,141,141,122,122,164,164,168,174,244,255
Manning_Point,-31.58,152.81,1999,1999,prewinter,F,11,271,271,149,154,139,141,136,140,249,249,139,141,122,122,161,176,172,177,244,248
Manning_Point,-31.58,152.81,1999,1999,prewinter,F,12,275,283,125,144,143,145,138,158,237,249,141,141,122,122,166,166,176,184,246,246
Manning_Point,-31.58,152.81,1999,1999,prewinter,F,13,271,271,132,149,137,141,138,166,249,249,141,141,110,122,156,165,172,178,244,246
Manning_Point,-31.58,152.81,1999,1999,prewinter,M,1,269,275,132,132,141,145,132,134,249,249,141,141,122,122,158,178,177,177,244,246
Manning_Point,-31.58,152.81,1999,1999,prewinter,M,2,271,271,131,156,137,145,138,140,249,249,141,141,122,122,,,174,182,244,244
Manning_Point,-31.58,152.81,1999,1999,prewinter,M,3,243,269,132,140,135,141,154,160,237,249,141,141,122,122,164,164,180,188,246,248
Manning_Point,-31.58,152.81,1999,1999,prewinter,M,4,269,271,134,144,141,141,154,160,249,249,141,141,122,122,164,174,174,184,244,246
Manning_Point,-31.58,152.81,1999,1999,prewinter,M,5,271,281,125,144,133,141,148,158,249,249,141,141,122,122,160,164,177,178,244,246
Manning_Point,-31.58,152.81,1999,1999,prewinter,M,6,269,271,132,146,135,141,146,148,246,249,141,141,122,122,164,164,176,189,236,242
Manning_Point,-31.58,152.81,1999,1999,prewinter,M,7,243,271,144,144,141,145,156,160,237,249,141,141,122,122,162,169,174,178,244,246
Manning_Point,-31.58,152.81,1999,1999,prewinter,M,8,269,271,130,130,135,141,150,152,238,251,141,141,122,122,172,175,178,182,244,244
Manning_Point,-31.58,152.81,1999,1999,prewinter,M,9,265,275,131,165,141,143,140,170,249,249,141,141,122,122,,,182,208,244,255
Manning_Point,-31.58,152.81,1999,1999,prewinter,M,10,275,275,131,144,141,141,138,158,249,249,141,141,122,122,149,158,172,185,244,250
Manning_Point,-31.58,152.81,1999,1999,prewinter,M,11,271,275,138,166,141,141,152,180,239,249,141,141,122,132,162,169,174,176,246,246
Manning_Point,-31.58,152.81,1999,1999,prewinter,M,13,269,279,132,132,141,151,138,168,241,249,141,141,122,122,162,171,177,188,242,244
Nambucca_Heads,-30.37,152.79,1999,1999,prewinter,F,1,275,275,124,131,133,141,138,142,249,251,141,141,122,122,166,158,168,176,242,244
Nambucca_Heads,-30.37,152.79,1999,1999,prewinter,F,3,271,271,125,132,141,143,134,138,239,251,141,141,112,132,149,164,178,186,244,244
Nambucca_Heads,-30.37,152.79,1999,1999,prewinter,F,4,275,279,132,144,141,143,142,144,249,249,141,141,120,122,158,158,180,189,238,244
Nambucca_Heads,-30.37,152.79,1999,1999,prewinter,F,5,243,283,131,134,141,141,136,144,247,249,135,141,122,122,166,171,174,174,244,244
Nambucca_Heads,-30.37,152.79,1999,1999,prewinter,F,6,271,289,124,141,135,141,138,168,249,249,135,141,122,122,156,160,177,178,246,246
Nambucca_Heads,-30.37,152.79,1999,1999,prewinter,F,7,269,279,125,138,135,141,144,168,249,251,141,141,122,122,158,162,174,174,244,244
Nambucca_Heads,-30.37,152.79,1999,1999,prewinter,F,8,267,273,130,131,137,141,146,154,249,249,141,141,122,122,159,162,176,178,244,246
Nambucca_Heads,-30.37,152.79,1999,1999,prewinter,F,9,269,271,132,149,141,147,148,168,249,249,141,141,120,122,156,160,178,179,237,246
Nambucca_Heads,-30.37,152.79,1999,1999,prewinter,M,1,283,289,125,149,141,141,164,166,247,247,141,141,120,122,159,162,168,172,242,244
Nambucca_Heads,-30.37,152.79,1999,1999,prewinter,M,3,275,277,131,146,135,135,135,147,248,248,141,141,122,122,154,163,178,178,244,251
Nambucca_Heads,-30.37,152.79,1999,1999,prewinter,M,4,271,275,125,130,143,145,146,164,248,249,141,141,122,122,,,173,174,244,244
Nambucca_Heads,-30.37,152.79,1999,1999,prewinter,M,5,269,289,124,130,143,143,150,164,249,249,141,141,122,122,164,173,174,176,244,244
Nambucca_Heads,-30.37,152.79,1999,1999,prewinter,M,6,271,279,132,138,141,149,162,162,249,249,141,141,122,122,,,166,176,244,244
Nambucca_Heads,-30.37,152.79,1999,1999,prewinter,M,7,271,271,130,132,141,143,142,172,249,249,141,141,120,122,158,162,172,177,244,248
Nambucca_Heads,-30.37,152.79,1999,1999,prewinter,M,8,271,275,131,137,141,147,160,164,249,249,141,141,122,122,160,169,174,180,243,248
Nambucca_Heads,-30.37,152.79,1999,1999,prewinter,M,9,269,275,130,132,141,145,140,142,249,249,141,141,122,122,,,180,182,244,244
Redcliffe,-27.12,153.07,1999,1999,prewinter,F,4,297,297,124,145,135,135,156,160,249,255,141,141,120,122,160,166,176,182,244,244
Redcliffe,-27.12,153.07,1999,1999,prewinter,F,5,273,277,130,136,141,141,170,174,249,249,141,141,122,122,158,162,182,184,248,248
Redcliffe,-27.12,153.07,1999,1999,prewinter,F,7,253,271,131,146,141,143,135,150,249,249,,,122,122,,,,,,
Redcliffe,-27.12,153.07,1999,1999,prewinter,M,4,270,271,131,133,141,141,144,144,248,249,141,143,122,122,,,178,180,244,244
Redcliffe,-27.12,153.07,1999,1999,prewinter,M,7,273,277,125,149,135,141,135,150,249,249,141,141,120,122,156,158,177,177,246,248
Red_Rock,-30.01,153.20,1999,1999,prewinter,F,1,269,271,131,133,143,145,168,170,249,249,131,141,122,122,150,156,174,184,242,244
Red_Rock,-30.01,153.20,1999,1999,prewinter,F,2,277,277,129,134,135,141,142,160,251,265,141,141,122,122,156,158,176,176,244,251
Red_Rock,-30.01,153.20,1999,1999,prewinter,F,3,259,269,131,132,141,143,146,162,249,249,141,141,112,122,166,171,174,176,244,246
Red_Rock,-30.01,153.20,1999,1999,prewinter,F,4,265,279,132,153,141,141,140,148,249,249,141,141,122,122,158,161,172,177,246,246
Red_Rock,-30.01,153.20,1999,1999,prewinter,F,5,271,283,132,143,143,145,138,142,249,249,141,141,122,122,160,160,176,178,246,246
Red_Rock,-30.01,153.20,1999,1999,prewinter,F,8,,,133,144,141,141,160,168,249,251,141,141,122,132,162,168,184,184,242,244
Red_Rock,-30.01,153.20,1999,1999,prewinter,F,10,271,275,124,124,145,145,140,150,249,249,141,141,122,122,158,162,176,180,242,244
Red_Rock,-30.01,153.20,1999,1999,prewinter,F,11,267,277,132,132,141,141,142,146,248,251,141,141,122,122,,,174,176,244,246
Red_Rock,-30.01,153.20,1999,1999,prewinter,F,12,,,138,167,141,143,142,168,249,251,141,141,122,122,,,174,176,242,244
Red_Rock,-30.01,153.20,1999,1999,prewinter,F,14,271,271,130,143,141,145,154,158,249,249,141,141,122,122,158,160,178,180,251,251
Red_Rock,-30.01,153.20,1999,1999,prewinter,M,1,269,271,143,149,141,141,138,148,249,249,141,141,122,134,156,160,177,178,248,248
Red_Rock,-30.01,153.20,1999,1999,prewinter,M,2,275,281,129,130,135,141,138,144,249,249,141,141,112,122,156,169,178,188,244,246
Red_Rock,-30.01,153.20,1999,1999,prewinter,M,3,269,283,137,138,141,143,152,160,249,249,141,141,122,122,156,190,174,178,244,246
Red_Rock,-30.01,153.20,1999,1999,prewinter,M,4,271,271,124,131,141,145,142,146,247,249,141,141,120,122,162,162,176,178,244,246
Red_Rock,-30.01,153.20,1999,1999,prewinter,M,5,275,289,129,148,135,141,154,164,247,249,141,141,122,122,166,175,172,174,244,246
Red_Rock,-30.01,153.20,1999,1999,prewinter,M,6,269,283,132,142,139,141,156,156,249,249,141,141,122,122,156,162,184,189,246,253
Red_Rock,-30.01,153.20,1999,1999,prewinter,M,8,271,299,132,144,137,141,138,164,249,249,141,141,122,122,160,162,173,180,244,246
Red_Rock,-30.01,153.20,1999,1999,prewinter,M,10,271,275,125,130,141,141,146,174,247,249,141,141,122,122,,,172,172,244,246
Red_Rock,-30.01,153.20,1999,1999,prewinter,M,11,271,277,130,136,131,141,146,154,249,249,141,141,120,122,151,161,172,177,246,246
Red_Rock,-30.01,153.20,1999,1999,prewinter,M,13,271,289,138,138,139,141,156,164,249,249,141,141,122,134,,,178,180,242,246
Red_Rock,-30.01,153.20,1999,1999,prewinter,M,14,267,285,130,135,141,145,154,158,249,249,141,141,122,122,151,158,173,174,242,255
Seal_Rocks,-32.12,152.49,1999,1999,prewinter,F,1,271,275,134,142,141,141,146,146,237,249,133,141,122,122,158,162,174,180,244,251
Seal_Rocks,-32.12,152.49,1999,1999,prewinter,F,2,271,271,126,132,137,139,142,150,249,249,134,141,122,122,162,162,166,178,244,244
Seal_Rocks,-32.12,152.49,1999,1999,prewinter,F,3,279,289,133,144,141,143,142,162,247,249,141,141,122,122,158,160,178,180,244,251
Seal_Rocks,-32.12,152.49,1999,1999,prewinter,F,5,269,269,125,134,143,143,148,156,237,245,141,141,122,122,170,170,177,180,246,251
Seal_Rocks,-32.12,152.49,1999,1999,prewinter,F,7,275,275,125,144,137,143,152,168,249,249,141,141,122,122,,,174,176,244,244
Seal_Rocks,-32.12,152.49,1999,1999,prewinter,F,8,275,283,133,144,143,147,138,147,249,249,141,141,122,122,165,169,168,173,244,246
Seal_Rocks,-32.12,152.49,1999,1999,prewinter,F,10,273,275,125,126,137,141,130,158,239,249,141,141,122,122,,,168,180,244,244
Seal_Rocks,-32.12,152.49,1999,1999,prewinter,F,11,267,277,132,144,137,137,135,140,237,249,141,141,112,122,,,176,178,244,244
Seal_Rocks,-32.12,152.49,1999,1999,prewinter,F,12,271,285,125,154,141,145,146,180,249,249,141,141,122,122,158,168,172,180,244,248
Seal_Rocks,-32.12,152.49,1999,1999,prewinter,F,13,245,269,144,144,141,143,138,146,249,249,141,141,122,122,156,158,174,180,242,244
Seal_Rocks,-32.12,152.49,1999,1999,prewinter,M,1,271,273,146,149,135,141,124,144,237,249,139,141,122,122,160,162,178,182,244,247
Seal_Rocks,-32.12,152.49,1999,1999,prewinter,M,2,269,269,125,148,135,137,140,150,249,249,141,141,122,122,,,174,176,244,249
Seal_Rocks,-32.12,152.49,1999,1999,prewinter,M,5,271,273,132,144,141,141,154,160,249,249,141,143,122,122,155,155,172,178,244,246
Seal_Rocks,-32.12,152.49,1999,1999,prewinter,M,6,269,269,131,136,141,141,142,156,249,251,141,141,122,122,,,172,174,,
Seal_Rocks,-32.12,152.49,1999,1999,prewinter,M,7,269,269,132,133,140,141,142,152,251,251,141,141,122,122,,,168,173,244,244
Seal_Rocks,-32.12,152.49,1999,1999,prewinter,M,10,257,269,132,134,137,141,138,138,,,141,141,122,122,154,158,174,174,244,246
Seal_Rocks,-32.12,152.49,1999,1999,prewinter,M,11,269,273,131,149,141,141,138,158,237,237,141,141,122,122,164,173,177,180,244,248
Seal_Rocks,-32.12,152.49,1999,1999,prewinter,M,12,265,271,130,149,139,141,136,160,237,247,141,141,122,122,157,164,178,182,244,253
Seal_Rocks,-32.12,152.49,1999,1999,prewinter,M,13,241,271,125,132,141,141,130,168,249,249,141,141,122,122,158,162,172,175,244,251
Terrigal,-33.26,151.43,1999,1999,prewinter,F,1,271,289,133,133,135,141,160,168,249,249,141,143,122,134,162,169,174,188,246,246
Terrigal,-33.26,151.43,1999,1999,prewinter,F,2,267,271,131,132,141,141,142,176,249,249,141,141,120,122,171,171,174,178,246,246
Terrigal,-33.26,151.43,1999,1999,prewinter,F,3,271,271,132,144,143,143,152,158,249,249,141,141,122,122,158,161,174,175,244,244
Terrigal,-33.26,151.43,1999,1999,prewinter,F,4,269,277,125,144,137,141,135,148,249,249,141,141,122,132,,,173,174,242,244
Terrigal,-33.26,151.43,1999,1999,prewinter,F,7,269,273,125,130,141,141,138,186,249,249,141,141,122,122,162,167,174,180,244,244
Terrigal,-33.26,151.43,1999,1999,prewinter,F,8,267,271,131,132,141,141,134,154,249,249,141,141,,,,,174,178,,
Terrigal,-33.26,151.43,1999,1999,prewinter,M,1,275,283,131,132,135,141,136,138,249,249,141,141,122,122,160,169,168,168,244,248
Terrigal,-33.26,151.43,1999,1999,prewinter,M,2,277,283,130,132,141,143,142,160,249,249,141,141,116,122,149,169,168,171,244,251
Terrigal,-33.26,151.43,1999,1999,prewinter,M,4,269,289,125,144,141,141,142,166,249,249,141,141,120,122,163,163,172,177,244,244
Terrigal,-33.26,151.43,1999,1999,prewinter,M,5,267,269,125,144,135,143,138,160,249,249,141,141,122,122,158,167,184,217,236,244
Terrigal,-33.26,151.43,1999,1999,prewinter,M,7,265,279,125,132,141,145,152,160,239,249,141,141,122,122,158,160,174,180,244,246
Terrigal,-33.26,151.43,1999,1999,prewinter,M,8,267,275,125,138,141,141,140,142,239,248,141,141,120,122,153,167,167,176,244,251
Wollongong,-34.24,150.94,1999,1999,prewinter,F,2,271,271,125,132,135,143,146,162,249,249,141,141,122,122,162,166,175,182,244,246
Wollongong,-34.24,150.94,1999,1999,prewinter,F,3,271,271,131,144,141,141,130,136,238,249,141,141,122,122,164,167,172,172,,
Wollongong,-34.24,150.94,1999,1999,prewinter,F,5,269,273,129,144,141,141,146,158,247,249,141,141,112,122,160,171,177,178,244,244
Wollongong,-34.24,150.94,1999,1999,prewinter,F,7,271,271,136,144,143,145,138,146,246,249,141,141,120,122,152,152,168,180,242,244
Wollongong,-34.24,150.94,1999,1999,prewinter,F,8,269,275,132,138,135,141,158,160,249,249,141,141,122,122,160,164,174,177,246,247
Wollongong,-34.24,150.94,1999,1999,prewinter,F,9,269,269,132,150,141,141,154,164,249,249,141,141,122,122,160,160,180,186,244,244
Wollongong,-34.24,150.94,1999,1999,prewinter,F,10,271,283,131,147,139,141,168,176,247,249,141,141,122,122,176,178,168,173,242,244
Wollongong,-34.24,150.94,1999,1999,prewinter,F,11,243,273,124,124,141,141,136,146,249,249,141,141,120,134,164,164,168,174,246,246
Wollongong,-34.24,150.94,1999,1999,prewinter,F,12,271,275,134,154,141,145,136,160,249,249,141,141,122,122,,,,,246,246
Wollongong,-34.24,150.94,1999,1999,prewinter,F,13,,,125,144,141,141,152,156,,,,,112,122,,,174,174,,
Wollongong,-34.24,150.94,1999,1999,prewinter,F,14,271,271,132,132,135,128,140,166,247,249,141,141,120,122,,,180,182,,
Wollongong,-34.24,150.94,1999,1999,prewinter,F,16,269,277,132,144,139,141,140,180,249,249,134,141,112,122,,,174,180,244,251
Wollongong,-34.24,150.94,1999,1999,prewinter,M,1,271,271,131,138,141,141,136,178,249,249,141,141,122,122,158,165,175,182,244,251
Wollongong,-34.24,150.94,1999,1999,prewinter,M,2,245,247,144,145,139,143,156,180,249,249,141,141,122,122,162,189,178,211,232,244
Wollongong,-34.24,150.94,1999,1999,prewinter,M,3,259,273,131,132,139,140,138,142,249,249,141,141,122,122,150,186,172,178,244,244
Wollongong,-34.24,150.94,1999,1999,prewinter,M,4,269,269,132,135,141,143,146,162,249,251,131,141,122,122,158,167,177,180,242,244
Wollongong,-34.24,150.94,1999,1999,prewinter,M,5,273,283,126,154,137,141,140,144,247,247,141,141,112,122,160,167,178,178,244,246
Wollongong,-34.24,150.94,1999,1999,prewinter,M,6,271,273,133,144,139,139,160,168,249,255,141,141,120,122,159,162,174,182,244,248
Wollongong,-34.24,150.94,1999,1999,prewinter,M,7,273,283,125,132,139,143,146,164,249,249,141,141,122,134,156,162,172,177,242,244
Wollongong,-34.24,150.94,1999,1999,prewinter,M,8,269,275,132,132,141,141,134,180,249,249,141,141,122,132,149,162,180,212,246,251
Wollongong,-34.24,150.94,1999,1999,prewinter,M,9,269,269,144,144,139,141,144,180,239,249,133,141,122,122,160,160,176,180,244,253
Wollongong,-34.24,150.94,1999,1999,prewinter,M,11,241,277,130,130,143,145,146,172,239,249,141,141,122,122,149,164,176,176,244,244
Wollongong,-34.24,150.94,1999,1999,prewinter,M,12,273,273,125,144,135,141,120,130,249,249,141,141,122,122,,,172,180,242,246
Wollongong,-34.24,150.94,1999,1999,prewinter,M,13,275,289,125,148,143,145,150,158,249,249,141,141,120,122,149,164,168,172,242,246
